Date,Open,High,Low,Close,Volume,Stock Trading
2016-12-30,42120,42330,41700,41830,610000,25628028000
2016-12-29,43000,43220,42540,42660,448400,19188227000
2016-12-28,43940,43970,43270,43270,339900,14780670000
2016-12-27,43140,43700,43140,43620,400100,17427993000
2016-12-26,43310,43660,43090,43340,358200,15547803000
2016-12-22,43660,43840,43190,43480,381600,16586491000
2016-12-21,43900,44370,43610,44000,658900,28994316000
2016-12-20,42910,43630,42860,43620,499400,21606102000
2016-12-19,42790,43150,42740,43130,358700,15428531000
2016-12-16,43350,43550,42810,43130,542000,23380606000
2016-12-15,43440,43880,42550,43000,627400,27055034000
2016-12-14,43300,43440,42590,43090,548800,23600236000
2016-12-13,43130,43300,42630,43210,434500,18658982000
2016-12-12,43950,44000,42880,43130,775300,33633233000
2016-12-09,41700,42970,41150,42590,1975600,83251556000
2016-12-08,41480,41560,40830,41100,639900,26310776000
2016-12-07,40500,41150,40420,40870,536800,21935649000
2016-12-06,40350,40500,39860,40150,618100,24820835000
2016-12-05,40060,40350,39690,39760,620500,24756974000
2016-12-02,40300,40660,39960,40660,573000,23117924000
2016-12-01,40500,41190,40320,40460,850700,34630369000
2016-11-30,40300,40340,39570,39570,692200,27596077000
2016-11-29,40420,40580,40100,40200,894400,36013470000
2016-11-28,41260,41440,40830,41260,384800,15844055000
2016-11-25,41820,42020,41220,41370,665500,27635591000
2016-11-24,41300,41760,41170,41730,692900,28790748000
2016-11-22,39880,40360,39660,40360,500200,20073907000
2016-11-21,40210,40270,39510,39970,609600,24304570000
2016-11-18,39980,40620,39900,40190,886500,35703144000
2016-11-17,39200,39710,39050,39280,573700,22579532000
2016-11-16,39130,39750,39110,39400,764300,30177742000
2016-11-15,38600,38980,38470,38570,555600,21472470000
2016-11-14,37730,38690,37680,38580,784100,30098109000
2016-11-11,37590,37940,37190,37600,1329900,50023444000
2016-11-10,36480,37110,36000,36890,1309900,47791726000
2016-11-09,36920,37220,33520,33680,1570400,54661530000
2016-11-08,36870,37050,36410,36550,417500,15297061000
2016-11-07,36020,36710,36000,36640,648000,23655440000
2016-11-04,35460,35930,35360,35510,499100,17747865000
2016-11-02,35450,35940,35420,35540,396700,14154272000
2016-11-01,35440,36050,35310,35890,366200,13093352000
2016-10-31,35690,36030,35450,35460,344400,12260234000
2016-10-28,36020,36450,35980,35980,454200,16400925000
2016-10-27,36250,36370,35600,35770,426500,15291775000
2016-10-26,36840,36850,36380,36450,353400,12904237000
2016-10-25,36500,36940,36450,36850,400800,14747028000
2016-10-24,36650,36660,36000,36300,365000,13238639000
2016-10-21,36350,36850,36180,36300,579900,21125073000
2016-10-20,34910,36330,34910,36330,751800,27080028000
2016-10-19,34900,35050,34600,35020,356500,12436404000
2016-10-18,34490,34900,34210,34900,477400,16572078000
2016-10-17,34710,35030,34180,34210,657500,22641069000
2016-10-14,33200,35090,33200,34800,1671000,56859361000
2016-10-13,34000,34290,33010,33150,556000,18658970000
2016-10-12,33550,34030,33380,33790,464500,15704798000
2016-10-11,33580,34040,33560,33920,529400,17932293000
2016-10-07,33600,33900,33400,33500,407300,13682994000
2016-10-06,34200,34460,34030,34040,454400,15542676000
2016-10-05,34150,34200,33600,33940,534400,18158415000
2016-10-04,33300,33950,33150,33490,688900,23118399000
2016-10-03,32800,32990,32580,32980,421000,13828096000
2016-09-30,32030,32490,31970,32290,650400,20982536000
2016-09-29,32620,32650,32140,32480,453600,14722481000
2016-09-28,32400,32440,31800,32040,558400,17904604000
2016-09-27,32530,32650,31860,32400,626100,20247524000
2016-09-26,32780,33350,32640,32710,656700,21647340000
2016-09-23,32950,33760,32810,33230,692500,23073113000
2016-09-21,32370,33190,31010,33000,1536200,49993501000
2016-09-20,33480,33530,32480,32510,1042300,34264252000
2016-09-16,33990,34400,33600,34360,606600,20713431000
2016-09-15,34740,34820,33930,34110,663400,22693009000
2016-09-14,35400,35540,34950,35080,466300,16417960000
2016-09-13,35880,36140,35560,35750,384100,13744821000
2016-09-12,35930,36180,35340,35470,482400,17199133000
2016-09-09,36410,36590,35970,36330,1014200,36889956000
2016-09-08,36700,36750,36020,36410,475000,17300032000
2016-09-07,36600,36900,36220,36390,593600,21647907000
2016-09-06,36990,37310,36820,36860,540100,19948406000
2016-09-05,36500,37520,36480,37120,780400,28940155000
2016-09-02,35750,35900,35340,35700,772200,27486552000
2016-09-01,36400,36490,35680,35940,694200,24941742000
2016-08-31,36500,36750,36310,36340,443200,16156791000
2016-08-30,36220,36500,36210,36440,499700,18192307000
2016-08-29,35910,36480,35670,36450,723500,26107629000
2016-08-26,35400,35790,34780,35370,1117000,39461941000
2016-08-25,35400,35890,34660,35460,1371300,48501935000
2016-08-24,36160,36850,35470,35600,897700,32217629000
2016-08-23,36680,37050,36480,36580,546500,20064120000
2016-08-22,37270,37360,36910,36980,354100,13132610000
2016-08-19,36950,37590,36840,37150,587300,21865218000
2016-08-18,36880,37620,36450,36560,855000,31613517000
2016-08-17,36740,37170,36700,36970,524600,19379792000
2016-08-16,37590,37680,36500,36500,961900,35441372000
2016-08-15,38140,38230,37580,37630,384700,14553808000
2016-08-12,37530,38250,37120,38080,899600,33982071000
2016-08-10,37600,37860,36930,37000,825600,30785958000
2016-08-09,37700,38250,37180,37500,837900,31590185000
2016-08-08,37800,37950,37150,37880,952000,35845304000
2016-08-05,35950,36880,35670,36640,1295200,47225205000
2016-08-04,35200,35530,34210,35500,1224800,43052588000
2016-08-03,34340,35080,33900,34540,1288600,44487561000
2016-08-02,34330,34580,33610,33640,640000,21847347000
2016-08-01,33300,34900,33110,34670,947300,32604467000
2016-07-29,32230,34150,32210,33430,827000,27331777000
2016-07-28,33300,33370,32850,32910,385700,12739840000
2016-07-27,32880,34240,32830,33630,734500,24689624000
2016-07-26,33040,33300,32360,32530,574100,18744455000
2016-07-25,32630,33350,32560,33170,473700,15674764000
2016-07-22,33160,33240,32530,32640,492500,16162182000
2016-07-21,33420,34450,33420,33720,737000,25043771000
2016-07-20,33160,33280,32750,32920,662300,21836575000
2016-07-19,34500,35000,33120,33700,1391900,47008911000
2016-07-15,31000,32660,31000,32660,1675600,53401141000
2016-07-14,27750,28010,27390,27660,570100,15815981000
2016-07-13,28500,28500,27675,28145,765800,21513187500
2016-07-12,27750,27995,27510,27800,909100,25240624500
2016-07-11,26200,26995,26105,26845,757700,20164674000
2016-07-08,26020,26145,25355,25445,993300,25525390500
2016-07-07,26185,26665,25910,26030,603200,15787800500
2016-07-06,26000,26070,25305,25900,995800,25553227500
2016-07-05,27205,27225,26460,26540,928100,24779478500
2016-07-04,26800,27920,26760,27705,555400,15237768000
2016-07-01,27710,27845,27155,27360,485300,13308634500
2016-06-30,27905,27980,27245,27300,721600,19862697000
2016-06-29,27955,27980,27480,27595,790700,21929700000
2016-06-28,27000,27730,26705,27455,693000,18878934500
2016-06-27,26795,27470,26325,27385,823500,22244382000
2016-06-24,29525,29925,26120,26295,1569600,43557682500
2016-06-23,28500,29425,28375,29340,684400,19886987500
2016-06-22,28465,28550,27765,28230,571500,16092081000
2016-06-21,28230,28645,27800,28595,471200,13352295000
2016-06-20,27940,28695,27940,28395,736600,20891231500
2016-06-17,27535,27900,27435,27550,789100,21783169000
2016-06-16,28390,28865,27210,27260,895500,25037095500
2016-06-15,28010,28390,27750,28255,733600,20630211000
2016-06-14,29060,29190,28055,28330,800300,22787560500
2016-06-13,29380,29605,29050,29055,737300,21536135500
2016-06-10,29950,30270,29630,29815,1320400,39528311000
2016-06-09,30260,30500,29855,29940,505800,15198761000
2016-06-08,30030,30450,29810,30450,548200,16525480500
2016-06-07,30050,30190,29710,29995,662200,19843414000
2016-06-06,29420,30200,29335,30090,704700,21011689000
2016-06-03,29205,30450,29100,30120,1410200,42195014000
2016-06-02,28800,28800,28100,28180,726800,20575801500
2016-06-01,29510,29845,28880,28965,583400,17103515500
2016-05-31,29195,29995,29155,29885,532200,15825258500
2016-05-30,29195,29485,28905,29385,476000,13927659500
2016-05-27,29700,29725,28970,29000,461300,13478600000
2016-05-26,29240,29745,29135,29400,685900,20180084500
2016-05-25,28165,28830,28090,28740,762100,21793832000
2016-05-24,27995,28035,27515,27665,605500,16752917000
2016-05-23,28520,28610,27615,27965,593200,16663204000
2016-05-20,28375,28870,27930,28775,487300,13892962000
2016-05-19,28800,29065,28255,28475,466800,13345060500
2016-05-18,28510,28860,28135,28585,799200,22800138000
2016-05-17,28750,28945,28235,28660,650500,18570624000
2016-05-16,28655,28950,28050,28150,594700,16948792500
2016-05-13,29380,29380,28490,28500,874500,25343326000
2016-05-12,28610,29115,28205,29020,452600,12992436500
2016-05-11,29395,29520,28650,28750,531800,15449366500
2016-05-10,29065,29095,28160,28895,755400,21713596000
2016-05-09,28195,28670,28050,28610,535900,15243957500
2016-05-06,28140,28330,27355,28020,923300,25740706500
2016-05-02,27685,28260,27560,27945,1017200,28404862500
2016-04-28,31490,32040,29160,29185,1499200,45108636000
2016-04-27,30550,31290,30530,30980,1306500,40468879000
2016-04-26,30880,31250,30150,30540,887400,27178631000
2016-04-25,32110,32490,31050,31140,936700,29582628000
2016-04-22,30610,32220,30610,31950,1255200,39521681000
2016-04-21,30500,31280,30310,30890,1271300,39149176000
2016-04-20,30310,30420,29180,29425,1070000,31592650500
2016-04-19,28985,30020,28950,29870,1059500,31410751500
2016-04-18,28640,28825,28030,28075,964900,27365674500
2016-04-15,29000,30250,28850,29615,1047300,31022179500
2016-04-14,29275,29935,29140,29800,1174300,34785700000
2016-04-13,27500,28825,27140,28695,1606000,45487353000
2016-04-12,26590,27025,26320,26915,833600,22340688500
2016-04-11,26620,27090,26375,26815,1159400,30889285500
2016-04-08,27500,27785,26395,26610,2352200,63954036500
2016-04-07,31880,31880,30370,30490,777300,23986661000
2016-04-06,31860,32250,31550,31640,631900,20071263000
2016-04-05,32970,32990,31890,32020,850800,27481312000
2016-04-04,33770,34080,33300,33410,654300,21928716000
2016-04-01,35800,35940,33860,34070,803200,27784248000
2016-03-31,36850,36950,36020,36020,648000,23606247000
2016-03-30,37040,37050,36470,36500,417200,15313129000
2016-03-29,35940,36780,35390,36780,635000,23058365000
2016-03-28,36690,36760,36070,36150,391200,14228337000
2016-03-25,36480,36720,36270,36410,405700,14799382000
2016-03-24,36690,36900,36210,36240,620800,22649742000
2016-03-23,36000,36860,35900,36760,765600,27969558000
2016-03-22,35760,35900,35100,35660,455200,16173456000
2016-03-18,35810,35960,34840,35120,639500,22509104000
2016-03-17,36280,36810,35630,35850,572700,20749030000
2016-03-16,36000,36260,35660,35910,437900,15740828000
2016-03-15,36680,36950,36180,36270,747000,27308060000
2016-03-14,35400,36390,35400,36390,824300,29779495000
2016-03-11,33400,34850,33350,34590,1626200,54793137000
2016-03-10,34200,34230,33840,34030,444900,15148346000
2016-03-09,33900,34150,33610,33690,652900,22050308000
2016-03-08,34690,34710,33940,34420,809900,27774966000
2016-03-07,34810,34810,34400,34490,645500,22305365000
2016-03-04,34630,34700,34210,34410,537400,18511028000
2016-03-03,33330,34660,33080,34530,1056000,36072066000
2016-03-02,32000,33530,31970,33330,1110600,36573891000
2016-03-01,31390,31620,30910,31310,757700,23622069000
2016-02-29,31520,31990,31280,31340,658800,20768480000
2016-02-26,31770,32420,31540,31540,702100,22463858000
2016-02-25,31190,31420,30760,31230,619000,19240818000
2016-02-24,31700,31800,31170,31320,580000,18238015000
2016-02-23,32000,32560,31630,31960,577700,18498263000
2016-02-22,31130,32240,31130,31760,693500,22070114000
2016-02-19,31610,31780,31040,31500,751100,23597208000
2016-02-18,32500,32520,31340,31960,1016000,32490144000
2016-02-17,32690,32820,30720,31240,1105600,34917564000
2016-02-16,32710,33530,32210,32810,980300,32256538000
2016-02-15,33130,33490,32520,33220,1016700,33590590000
2016-02-12,31870,32770,31060,32390,2255200,72331720000
2016-02-10,33100,33300,31820,32520,1002100,32427166000
2016-02-09,33590,34050,32710,32870,1000500,33262837000
2016-02-08,34030,35330,33710,35070,835400,28828942000
2016-02-05,34750,35070,34080,34590,957900,33099695000
2016-02-04,36500,36660,35270,35400,1106300,39412199000
2016-02-03,37470,37880,36250,36620,1060500,39028814000
2016-02-02,37370,37570,37030,37240,600100,22382940000
2016-02-01,38610,38710,37320,37670,884000,33425870000
2016-01-29,37320,39890,36660,38430,1626100,62154404000
2016-01-28,37090,37730,36930,37120,767900,28623015000
2016-01-27,37290,38270,37170,37610,771700,29043300000
2016-01-26,37000,37120,36750,36990,814700,30102784000
2016-01-25,37650,38190,36790,37870,974800,36684929000
2016-01-22,35700,37710,35620,37420,1418900,52465256000
2016-01-21,35810,36060,34540,34610,1321500,46719611000
2016-01-20,37470,37480,35380,35650,1254300,45220604000
2016-01-19,36610,37320,36410,37220,739800,27400333000
2016-01-18,36370,36980,35730,36730,795800,29065971000
2016-01-15,38120,38490,36810,37000,786100,29473759000
2016-01-14,37290,37800,36850,37640,863300,32184162000
2016-01-13,37840,38720,37740,38690,805500,30941515000
2016-01-12,37210,38050,37130,37630,1074300,40337146000
2016-01-08,36700,38580,36180,38140,2502700,93345311000
2016-01-07,40000,40500,39010,39050,795900,31474874000
2016-01-06,40320,41070,39850,40170,808800,32633905000
2016-01-05,40360,41230,40110,40430,817500,33186218000
2016-01-04,42000,42200,40450,40650,857100,35244549000
2015-12-30,42300,42700,41950,42640,388000,16462625000
2015-12-29,42240,42780,41860,42160,500600,21137050000
2015-12-28,43240,43350,42300,42590,331200,14120319000
2015-12-25,43000,43540,42850,43140,348500,15056076000
2015-12-24,43920,43920,43030,43050,459000,19913279000
2015-12-22,43940,44000,43120,43230,396800,17214972000
2015-12-21,43650,44240,42860,43750,683300,29724913000
2015-12-18,45300,47120,44030,44070,1312600,59257297000
2015-12-17,45490,45790,44890,45180,929900,42036604000
2015-12-16,44660,44960,44010,44520,651600,28924117000
2015-12-15,44800,45050,43880,43980,499900,22205966000
2015-12-14,44540,44790,44310,44520,624100,27799471000
2015-12-11,45190,46270,45190,45940,1498900,68078769000
2015-12-10,45650,45850,45300,45440,562700,25605427000
2015-12-09,47110,47300,46290,46610,447700,20905430000
2015-12-08,47240,47960,47030,47160,386200,18316612000
2015-12-07,47470,47860,47340,47520,394400,18753411000
2015-12-04,47110,47660,46560,46720,700800,32918190000
2015-12-03,48110,48310,47170,48210,916600,43883509000
2015-12-02,49600,49640,48910,48980,514800,25301849000
2015-12-01,49880,50080,49400,49890,616300,30650355000
2015-11-30,49610,49980,49430,49780,487300,24244489000
2015-11-27,49390,49840,49250,49640,489800,24266923000
2015-11-26,48720,49480,48710,49330,498000,24514678000
2015-11-25,48240,48500,47810,48480,404900,19534608000
2015-11-24,48150,48320,47980,48230,317200,15283630000
2015-11-20,48400,48500,47890,48210,420200,20239173000
2015-11-19,48210,48870,47730,48350,713500,34489907000
2015-11-18,48000,48400,47450,47480,585200,27997898000
2015-11-17,47330,47650,46950,47400,645100,30544838000
2015-11-16,46460,46770,46300,46440,474700,22062321000
2015-11-13,47700,47820,46900,47490,726600,34504163000
2015-11-12,47350,47890,47290,47880,376100,17919981000
2015-11-11,47560,48200,47300,47420,542700,25872059000
2015-11-10,46550,47650,46420,47600,574400,27124645000
2015-11-09,46390,46880,46250,46720,737700,34441056000
2015-11-06,44920,45430,44720,45400,499900,22544492000
2015-11-05,44600,44920,44160,44770,482000,21505336000
2015-11-04,43920,44870,43690,44350,688800,30624145000
2015-11-02,43760,44470,43150,43220,442500,19257189000
2015-10-30,43400,44560,42930,44380,734900,32306003000
2015-10-29,44470,44480,42960,43420,524600,22838850000
2015-10-28,44060,44190,43800,44130,357800,15751162000
2015-10-27,44150,44280,43650,43780,524300,23030483000
2015-10-26,44480,44500,43910,44000,451100,19925066000
2015-10-23,43920,44290,43730,43870,880200,38762126000
2015-10-22,43200,43700,43010,43220,468300,20255854000
2015-10-21,43050,44080,42990,43810,615500,26819139000
2015-10-20,43310,43520,42980,43200,312800,13513928000
2015-10-19,43060,43580,42940,43130,585400,25346722000
2015-10-16,43330,43680,43080,43400,570300,24740505000
2015-10-15,42300,43290,41830,42870,748300,32008133000
2015-10-14,42000,43530,41650,42730,1391000,59325625000
2015-10-13,43600,43600,41970,42260,1425600,60547899000
2015-10-09,44440,44910,43710,43900,2522700,111511562000
2015-10-08,49380,49480,48350,48640,552800,27008785000
2015-10-07,49750,50190,48910,49800,667900,33162462000
2015-10-06,50390,50700,49580,50590,606400,30494028000
2015-10-05,49260,49940,49110,49730,515100,25556693000
2015-10-02,49120,49830,48600,48730,425900,20900196000
2015-10-01,48370,49940,48030,49300,808500,39701904000
2015-09-30,47700,48660,47280,48490,814000,39198155000
2015-09-29,47140,47370,46690,47150,960200,45157835000
2015-09-28,46850,47560,46400,47490,644100,30291365000
2015-09-25,45410,46800,45410,46800,769700,35580005000
2015-09-24,45000,46260,44660,45300,536700,24450285000
2015-09-18,46710,47245,46160,46160,570000,26541043500
2015-09-17,47075,47460,46665,47405,493800,23302759000
2015-09-16,47550,47885,45895,46375,660100,30780213500
2015-09-15,46700,47900,46655,47150,707200,33422825500
2015-09-14,48060,48250,46020,46365,672500,31600870500
2015-09-11,46160,47860,46060,47620,2153600,100354524000
2015-09-10,47625,47995,45960,46925,1201700,56173470000
2015-09-09,46950,49725,46260,49725,1322600,63979070000
2015-09-08,47155,47270,45125,45170,608900,27891213000
2015-09-07,46110,47595,45270,46665,696300,32338135000
2015-09-04,48150,48345,46120,46465,667100,31329772500
2015-09-03,49515,49550,47510,47795,699500,33732633500
2015-09-02,46845,49595,46680,48400,946400,46103975000
2015-09-01,48990,49145,47480,47480,725400,35077530000
2015-08-31,50430,50640,48890,49265,700000,34653583500
2015-08-28,50880,51090,50070,50830,645900,32691164000
2015-08-27,51000,51380,49620,50290,749100,37672718000
2015-08-26,47275,50710,46210,50620,1478500,71405436000
2015-08-25,49900,51450,47660,47975,1550200,76941248000
2015-08-24,51440,52890,50120,50900,1074700,55018235000
2015-08-21,53130,53680,52140,52170,675800,35673740000
2015-08-20,53920,54650,53250,54040,465800,25126799000
2015-08-19,54130,54740,53740,53860,485500,26264263000
2015-08-18,55500,55940,54400,54510,420900,23156417000
2015-08-17,55390,55620,55110,55500,254500,14087584000
2015-08-14,55090,55450,54470,54990,612900,33756516000
2015-08-13,54880,55720,54320,55510,738900,40778629000
2015-08-12,55000,55670,54000,54000,853500,46569662000
2015-08-11,56540,56760,55020,55550,712200,39719676000
2015-08-10,56050,57320,55910,56540,563000,31884997000
2015-08-07,56430,57080,56200,56700,643700,36488721000
2015-08-06,58880,58900,56920,57220,854100,49254096000
2015-08-05,59580,59960,58440,58480,910800,53628659000
2015-08-04,60450,61830,60360,61380,502800,30855050000
2015-08-03,60820,61280,60440,60740,363300,22071037000
2015-07-31,61550,61650,60670,61370,498200,30521965000
2015-07-30,60800,61970,60740,61930,737700,45380183000
2015-07-29,59880,60460,59480,60230,559600,33606522000
2015-07-28,58050,59460,57820,59370,565800,33276920000
2015-07-27,57840,58610,57520,58270,376900,21874391000
2015-07-24,58900,59080,58210,58250,394400,23053682000
2015-07-23,58800,60000,58700,59280,486000,28874506000
2015-07-22,58510,59180,58500,58790,440000,25867114000
2015-07-21,57800,59280,57580,59270,524100,30673779000
2015-07-17,56840,57440,56760,57220,429000,24538202000
2015-07-16,56100,56850,55900,56600,613000,34644887000
2015-07-15,55840,56070,55240,55670,445300,24824157000
2015-07-14,55010,55950,54780,55530,655900,36316976000
2015-07-13,54000,54690,53650,54530,671300,36446643000
2015-07-10,56000,56020,53740,54010,1901200,103741664000
2015-07-09,55200,57460,54760,57460,1136200,63700445000
2015-07-08,56250,56540,54810,55180,906400,50454746000
2015-07-07,55920,56250,55640,56250,505900,28336606000
2015-07-06,54570,55640,54320,54810,876900,48099223000
2015-07-03,56130,56280,54880,55740,989600,55060846000
2015-07-02,57780,58400,57200,57870,657100,38057906000
2015-07-01,55850,56660,55700,56610,439300,24766733000
2015-06-30,54900,55560,54530,55560,489700,27011984000
2015-06-29,55500,56180,54550,54560,765900,42232452000
2015-06-26,56490,56870,56130,56240,413600,23358376000
2015-06-25,55390,57000,55360,55970,556400,31280410000
2015-06-24,55300,55900,54900,55590,552500,30696124000
2015-06-23,53960,55080,53780,55080,675700,36962444000
2015-06-22,52380,53960,52350,53910,598500,31970811000
2015-06-19,52340,52570,52140,52170,459700,24026458000
2015-06-18,52590,52590,52080,52200,398500,20847886000
2015-06-17,52550,52720,52050,52560,374400,19613025000
2015-06-16,52660,53100,52340,52550,359800,18961892000
2015-06-15,52320,52770,52290,52740,361900,19028464000
2015-06-12,53400,53400,52440,52770,1304500,69268109000
2015-06-11,51390,52980,51370,52980,726900,38088465000
2015-06-10,50970,51440,50580,51000,493800,25207828000
2015-06-09,51390,51580,50660,50660,517400,26481130000
2015-06-08,51330,51750,51250,51720,453900,23403241000
2015-06-05,50690,51060,50520,50960,356400,18105270000
2015-06-04,51270,51430,50640,50740,432400,22068822000
2015-06-03,51250,51270,50830,51030,476000,24299100000
2015-06-02,51440,51500,51030,51320,356000,18252608000
2015-06-01,51120,51440,50970,51250,351700,17998698000
2015-05-29,50700,51640,50550,51300,588000,30160665000
2015-05-28,51270,51490,50630,50970,524300,26830709000
2015-05-27,50510,50980,50460,50930,424300,21558725000
2015-05-26,50750,50950,50520,50880,474200,24096004000
2015-05-25,50150,50810,50150,50670,359400,18164225000
2015-05-22,50010,50400,49635,50300,395300,19804441500
2015-05-21,50110,50460,49995,50100,317500,15924151500
2015-05-20,50280,50630,50050,50200,509100,25599881000
2015-05-19,49490,50230,49250,50010,728500,36366665500
2015-05-18,48505,49130,48280,49035,297700,14566148000
2015-05-15,48680,48940,48410,48565,429300,20874748500
2015-05-14,49055,49150,48220,48275,666700,32450015500
2015-05-13,48545,49545,48130,49515,638200,31296229000
2015-05-12,48250,48620,47930,48335,556400,26877922500
2015-05-11,47820,48450,47660,48450,498500,24005092500
2015-05-08,47100,47790,47030,47120,822600,38849029500
2015-05-07,47295,47500,47015,47105,608200,28712900500
2015-05-01,47205,47830,47075,47590,554700,26357250000
2015-04-30,48480,48480,47295,47295,832300,39767106000
2015-04-28,48600,49145,48410,48930,567700,27750221000
2015-04-27,48700,48710,48050,48050,481100,23206914000
2015-04-24,49225,49435,48675,48705,422900,20682517500
2015-04-23,49450,49600,48965,49395,545500,26935760000
2015-04-22,48830,49340,48635,49245,549500,26989044500
2015-04-21,48270,48500,47730,48385,481500,23155188000
2015-04-20,47600,48310,47400,48075,504800,24222356500
2015-04-17,48500,48595,47750,47760,534500,25694302500
2015-04-16,49220,49270,48520,48600,466000,22717845500
2015-04-15,49735,49860,49030,49185,460700,22736848500
2015-04-14,49835,50080,49705,49805,377400,18801895500
2015-04-13,50200,50350,49750,50150,468900,23473902500
2015-04-10,49500,50650,49410,49700,1730300,86416747500
2015-04-09,47715,48560,47685,48500,630800,30469496500
2015-04-08,47380,47580,47095,47580,483600,22907036500
2015-04-07,47410,47540,47020,47540,537700,25466546000
2015-04-06,47395,47620,47235,47300,465200,22049742000
2015-04-03,47280,47765,47200,47610,511000,24286904500
2015-04-02,46865,47280,46505,47115,666400,31350199000
2015-04-01,47180,47200,46410,46770,883600,41428885000
2015-03-31,47500,47585,46495,46495,860000,40309266000
2015-03-30,46455,47880,46430,47455,730600,34586813500
2015-03-27,46610,47280,45720,46225,653300,30380138000
2015-03-26,46800,47055,46210,46330,508200,23622933000
2015-03-25,47125,47255,46525,46925,432400,20283261500
2015-03-24,47145,47480,46865,46950,457000,21539297500
2015-03-23,46900,47275,46620,47145,477000,22453326500
2015-03-20,45670,46815,45670,46815,616800,28606955500
2015-03-19,45585,45930,45410,45475,601700,27422566000
2015-03-18,46295,46325,45760,46140,468200,21523470000
2015-03-17,46810,46845,46175,46200,423600,19637008000
2015-03-16,46190,46760,46160,46265,498500,23161078500
2015-03-13,46165,46520,45910,46275,1911400,88329791500
2015-03-12,45125,45680,44840,45515,582600,26421415000
2015-03-11,44190,45395,44105,44920,603900,27121027500
2015-03-10,45640,45720,44255,44420,685800,30779639500
2015-03-09,45680,45885,45325,45340,511600,23266846500
2015-03-06,46180,46720,46015,46115,525300,24324149500
2015-03-05,46010,46285,45690,45690,345900,15876667000
2015-03-04,45910,46415,45770,46165,363900,16789881000
2015-03-03,47000,47035,46000,46040,477800,22111389000
2015-03-02,46525,47065,46300,46850,495900,23173087500
2015-02-27,46150,46665,46000,46330,558800,25878390000
2015-02-26,45030,46050,44940,45990,582500,26601365000
2015-02-25,45000,45195,44725,44905,504200,22665613000
2015-02-24,44500,45300,44440,45300,728600,32803373000
2015-02-23,43545,44455,43270,44355,800900,35283573500
2015-02-20,43220,43345,42810,42910,444700,19115553000
2015-02-19,43780,43970,43035,43065,563200,24425624000
2015-02-18,43505,43740,43325,43705,520800,22709152500
2015-02-17,43850,44040,43400,43505,333700,14573050000
2015-02-16,44115,44295,44000,44065,296700,13084822000
2015-02-13,43940,44250,43850,44005,682000,29989506500
2015-02-12,44250,44340,43870,44305,505100,22314017000
2015-02-10,43615,43690,43235,43435,456700,19817334500
2015-02-09,44435,44445,43900,43935,362200,15964668500
2015-02-06,44175,44270,43815,44005,354300,15596388000
2015-02-05,43560,43920,43425,43475,477400,20815598500
2015-02-04,43100,43890,42930,43850,636800,27719271500
2015-02-03,43245,43350,42055,42185,517600,22025296500
2015-02-02,43400,43740,43005,43055,430700,18638294000
2015-01-30,44300,44400,43720,44020,577500,25407763500
2015-01-29,43165,44220,43100,43675,648300,28393390000
2015-01-28,42845,43865,42720,43600,582300,25356404000
2015-01-27,42870,43380,42670,43160,471200,20310178000
2015-01-26,41945,42580,41900,42340,384200,16248469000
2015-01-23,42970,43095,42485,42645,356600,15274318000
2015-01-22,42500,42530,41800,42270,529300,22340064000
2015-01-21,42800,43090,42260,42385,566300,24092982500
2015-01-20,41550,42700,41455,42700,509400,21530849000
2015-01-19,41850,41900,41210,41530,577600,24002680000
2015-01-16,41700,41995,40610,41370,1251300,51689713000
2015-01-15,42270,42945,41970,42945,757100,32231235000
2015-01-14,43080,43310,41860,41940,998300,42419363000
2015-01-13,44060,44295,43250,43575,938300,40956831000
2015-01-09,45800,46325,44350,44760,1602100,73033839500
2015-01-08,43650,44550,43400,44405,611300,26994657500
2015-01-07,43005,43510,43005,43425,727000,31469673000
2015-01-06,43365,43745,43110,43255,844600,36611282500
2015-01-05,43580,44420,43295,44065,545000,23942914500
2014-12-30,44800,44975,44040,44040,584000,25913862000
2014-12-29,45730,45865,44205,44885,621900,28075782000
2014-12-26,45650,45700,45270,45330,348000,15796561000
2014-12-25,45535,45700,45425,45615,375700,17112967500
2014-12-24,45155,45880,44840,45830,737100,33612799500
2014-12-22,44830,44900,44440,44525,418400,18653888000
2014-12-19,44330,44730,44050,44730,937500,41754848000
2014-12-18,42640,43715,42525,43715,945700,40830952500
2014-12-17,41700,42080,41525,42070,898300,37566123500
2014-12-16,41450,41990,41335,41830,975700,40620467000
2014-12-15,41525,42765,41525,42295,750900,31726090500
2014-12-12,42015,42965,42015,42800,1924700,81321221000
2014-12-11,41705,41995,41010,41910,562600,23451125000
2014-12-10,42905,43200,42150,42405,604200,25760215000
2014-12-09,42825,43620,42805,43415,499700,21630782500
2014-12-08,43245,43535,42930,43150,464800,20065624500
2014-12-05,43250,43520,43120,43240,520200,22532258500
2014-12-04,44165,44185,43500,43925,418800,18363930500
2014-12-03,43300,44385,43300,43795,747800,32858321000
2014-12-02,43000,43410,42950,43255,416300,17975279000
2014-12-01,42715,43540,42715,43425,352600,15268576000
2014-11-28,42850,43330,42730,43205,423200,18261660500
2014-11-27,42260,42850,42260,42625,438700,18692835500
2014-11-26,42240,42700,41940,42540,593500,25145430000
2014-11-25,43175,43370,42480,42570,392300,16800669500
2014-11-21,42480,43170,42110,43100,661900,28195756000
2014-11-20,43470,43495,42690,42845,472700,20311162000
2014-11-19,43500,43895,43000,43030,686000,29724780500
2014-11-18,43025,43590,42855,43535,612500,26553836500
2014-11-17,43800,43910,42215,42615,1059700,45559565000
2014-11-14,44665,44730,43760,44205,1788500,79363248500
2014-11-13,43605,44370,43110,44285,761400,33390201000
2014-11-12,43670,44350,43330,43480,1297700,56856036500
2014-11-11,41615,43355,41580,43115,963600,41085380000
2014-11-10,41800,41900,41240,41430,530600,22022803500
2014-11-07,42935,42935,42100,42325,721700,30584360000
2014-11-06,42750,43335,41800,42235,1031000,43966918500
2014-11-05,41190,42920,41100,42450,1159300,48925919000
2014-11-04,42465,42485,41500,41500,1647900,69129554000
2014-10-31,38055,40900,38015,40365,1881900,74382865500
2014-10-30,37145,37715,37040,37680,603000,22633836500
2014-10-29,36465,37080,36280,36940,663400,24434697500
2014-10-28,36700,36875,36120,36135,517600,18800568000
2014-10-27,37085,37195,36810,36905,412400,15253769500
2014-10-24,37000,37050,36585,36745,602400,22164310000
2014-10-23,36500,37085,36460,36590,495600,18196519000
2014-10-22,37085,37160,36285,36840,890300,32652401000
2014-10-21,37520,37790,36625,36790,867000,32269881000
2014-10-20,37445,37940,37205,37905,877200,33070039000
2014-10-17,37635,37635,36570,36745,731000,27116553000
2014-10-16,36575,37145,36555,37020,990300,36518352000
2014-10-15,37600,37680,36960,37640,841300,31471843000
2014-10-14,37500,37740,36920,36930,1214800,45284666000
2014-10-10,38000,38455,37000,37890,1687300,64016596000
2014-10-09,36875,37845,36860,37255,966300,36121605500
2014-10-08,36385,36950,36365,36705,532600,19530541000
2014-10-07,37355,37490,36855,36965,590500,21954778500
2014-10-06,37520,37990,37260,37840,670400,25296045500
2014-10-03,37810,37880,36635,37370,1013900,37714542000
2014-10-02,36500,36975,36260,36370,766600,28018600000
2014-10-01,36615,37210,36525,36780,423800,15636256000
2014-09-30,36575,36940,36520,36705,417500,15326735000
2014-09-29,36795,37050,36705,36810,368900,13580976500
2014-09-26,36165,36910,36160,36655,603600,22088697500
2014-09-25,37000,37170,36760,36865,521000,19252143000
2014-09-24,35800,36510,35755,36405,507900,18417528500
2014-09-22,35880,36270,35870,35970,447600,16102962000
2014-09-19,35705,36395,35655,36250,1133500,40985986000
2014-09-18,34640,35065,34450,35005,734900,25621721000
2014-09-17,34150,34385,34075,34365,531700,18234550000
2014-09-16,33505,33950,33505,33795,464900,15679427000
2014-09-12,34065,34345,33900,34125,1866600,63615410000
2014-09-11,33695,34185,33640,34135,485600,16507440000
2014-09-10,33665,33725,33415,33675,359700,12077724500
2014-09-09,33960,34070,33735,33900,354600,12030796000
2014-09-08,34345,34360,33845,33960,339400,11554964000
2014-09-05,34375,34400,34025,34035,381500,13040193000
2014-09-04,33635,34000,33550,33970,387600,13134944000
2014-09-03,33910,34250,33730,33735,734700,24987428500
2014-09-02,32690,33360,32615,33165,482400,15985643000
2014-09-01,32685,32700,32460,32540,139100,4528217000
2014-08-29,32470,32550,32220,32550,412000,13355494000
2014-08-28,32905,32935,32495,32665,357000,11666088000
2014-08-27,33250,33250,32970,33065,263200,8712811500
2014-08-26,33310,33355,32940,33000,279200,9250144500
2014-08-25,33065,33410,33055,33355,363000,12069326000
2014-08-22,32885,33150,32880,32900,236300,7794449500
2014-08-21,32995,33070,32900,32985,281400,9280858000
2014-08-20,32825,32935,32715,32800,218400,7169932500
2014-08-19,33010,33055,32845,32850,345700,11383470500
2014-08-18,32900,32985,32675,32695,312400,10236444000
2014-08-15,33095,33100,32885,33030,170400,5623300000
2014-08-14,33000,33160,32945,33005,212600,7029288000
2014-08-13,32695,32970,32655,32885,293800,9640583500
2014-08-12,33000,33220,32740,32885,319200,10515311000
2014-08-11,33015,33190,32685,33100,545700,18021526000
2014-08-08,32800,32990,32030,32105,1075000,34848887000
2014-08-07,33045,33590,32970,33350,478800,15920436000
2014-08-06,33480,33810,33205,33320,507200,16955394500
2014-08-05,33950,34025,33520,33565,493400,16649332000
2014-08-04,34010,34285,33950,34075,368900,12583943000
2014-08-01,34290,34550,34105,34150,482100,16528314500
2014-07-31,34395,34740,34285,34405,746500,25739881000
2014-07-30,33930,34400,33920,33975,492600,16797532500
2014-07-29,33610,34055,33545,33970,654700,22184942500
2014-07-28,32900,33365,32835,33300,494000,16399894500
2014-07-25,32360,32785,32340,32750,330600,10784160000
2014-07-24,32370,32600,32180,32295,482200,15606513500
2014-07-23,32350,32465,32210,32280,294000,9506613500
2014-07-22,32360,32470,32225,32350,453600,14674785000
2014-07-18,32375,32580,32185,32355,530600,17149208000
2014-07-17,32980,33175,32860,32875,281000,9268361000
2014-07-16,32960,33020,32615,32890,374600,12306877500
2014-07-15,32710,33130,32710,33050,436100,14386845500
2014-07-14,32875,32945,32380,32760,576600,18833748000
2014-07-11,32990,33400,32555,32855,1070100,35312276500
2014-07-10,33235,33685,33200,33505,565200,18952112500
2014-07-09,33000,33255,32800,33240,471500,15582424000
2014-07-08,33380,33535,33150,33220,447000,14890890500
2014-07-07,33445,33750,33310,33580,394300,13256837500
2014-07-04,33740,33750,33360,33420,336500,11264761000
2014-07-03,33800,33865,33330,33375,566500,18995981000
2014-07-02,33520,33775,33235,33335,460200,15398487000
2014-07-01,33150,33790,33030,33455,623000,20859713500
2014-06-30,33635,33790,33150,33330,510300,17023728000
2014-06-27,34345,34565,33400,33635,653400,22126350500
2014-06-26,34550,34645,34320,34590,308700,10664505000
2014-06-25,34300,34615,34215,34350,318500,10943566500
2014-06-24,34280,34895,34220,34700,359900,12450344500
2014-06-23,34855,34975,34635,34765,503400,17511352000
2014-06-20,34325,34770,34270,34415,611600,21107120000
2014-06-19,33695,34495,33530,34480,707800,24241358000
2014-06-18,33330,33785,33320,33605,494500,16605901500
2014-06-17,33165,33490,33140,33250,354300,11787183000
2014-06-16,33610,33835,32920,33150,645700,21470803500
2014-06-13,32900,34030,32900,33975,1489100,49336374500
2014-06-12,33925,33940,33255,33510,693200,23223864000
2014-06-11,34300,34610,34110,34215,348900,11965034000
2014-06-10,34780,35170,34215,34335,622300,21554736000
2014-06-09,35075,35170,34870,34880,411100,14381697000
2014-06-06,34995,35045,34525,34820,562900,19572780500
2014-06-05,34440,34895,34400,34820,603400,20924184500
2014-06-04,34840,35010,34110,34320,697200,24026208500
2014-06-03,34990,35055,34700,34990,549700,19211543500
2014-06-02,33960,34675,33850,34480,608500,20943007500
2014-05-30,34215,34410,33420,33590,666000,22494703000
2014-05-29,33600,34095,33600,34015,379400,12848842500
2014-05-28,33825,34170,33530,34040,531700,18040295500
2014-05-27,33420,34030,33400,33825,562500,19034435500
2014-05-26,33305,33580,33265,33555,428500,14329395500
2014-05-23,32600,33150,32560,32990,522400,17197669000
2014-05-22,31940,32550,31805,32550,660100,21300914000
2014-05-21,31365,31620,31225,31450,452800,14223099500
2014-05-20,31570,31980,31535,31790,294900,9366761000
2014-05-19,31930,32050,31365,31395,419000,13255192000
2014-05-16,31210,31745,31120,31710,476800,14994717000
2014-05-15,32050,32240,31790,31855,418100,13373936500
2014-05-14,32635,33055,32445,32445,475400,15536573500
2014-05-13,32120,32790,32015,32680,655600,21332559000
2014-05-12,31315,31715,31275,31580,351800,11090712500
2014-05-09,31360,31630,31265,31470,619500,19469207000
2014-05-08,31320,31900,31320,31565,609200,19251755500
2014-05-07,31600,31670,30950,30950,1033500,32327470500
2014-05-02,31755,32220,31750,32040,502100,16048032500
2014-05-01,31800,32220,31700,32100,499600,15987805500
2014-04-30,32140,32230,31685,31770,668800,21344693500
2014-04-28,32390,32595,32010,32140,935000,30065307000
2014-04-25,32575,33220,32440,32770,608000,19922858500
2014-04-24,33295,33465,32830,32875,475900,15731329500
2014-04-23,33120,33430,32815,33275,480500,15905762500
2014-04-22,33805,34095,32840,32860,557100,18600865500
2014-04-21,33825,34260,33665,33700,401400,13632539500
2014-04-18,33730,34155,33560,33710,462100,15618641500
2014-04-17,33605,33745,33120,33430,665600,22279073000
2014-04-16,32920,33950,32800,33950,883200,29638470000
2014-04-15,33205,33250,32505,32660,743700,24377326000
2014-04-14,33120,33140,32225,32795,1087900,35600588500
2014-04-11,34610,34875,33030,33820,2688800,91738484000
2014-04-10,37700,37795,36385,36710,635300,23428152500
2014-04-09,37950,38195,37250,37250,664200,25004613000
2014-04-08,38070,38770,37920,38220,663600,25432376000
2014-04-07,37965,38400,37905,37975,426000,16233818000
2014-04-04,37960,38685,37950,38665,398200,15315137000
2014-04-03,37815,38760,37700,38400,643300,24701546000
2014-04-02,37400,37935,36900,37730,556600,20911142500
2014-04-01,37255,37555,36960,36990,458900,17050596500
2014-03-31,38005,38165,37420,37435,464600,17506695500
2014-03-28,37000,38040,36975,37885,552200,20838163000
2014-03-27,35715,37265,35680,37170,847100,30931023000
2014-03-26,36315,36415,35850,35980,663600,23968986000
2014-03-25,35985,36305,35760,35925,393000,14155765000
2014-03-24,35780,36420,35320,36340,723700,26051069000
2014-03-20,36605,36650,35150,35405,536800,19136341000
2014-03-19,35510,36850,35235,36190,610400,21958520500
2014-03-18,36110,36250,35590,35590,393900,14130484000
2014-03-17,35625,35970,35425,35680,532900,19020716000
2014-03-14,35740,36075,35580,35850,2126600,76040345500
2014-03-13,37060,37245,36565,36690,491400,18132871500
2014-03-12,37160,37250,36730,36760,592800,21900118000
2014-03-11,37925,38060,37600,37870,474800,17977399500
2014-03-10,38170,38645,37665,37690,541100,20545476500
2014-03-07,38350,38580,37955,38400,713900,27351986000
2014-03-06,37070,38125,36665,37650,761000,28535131000
2014-03-05,36700,37145,36600,36975,861000,31810940500
2014-03-04,35780,36070,35400,35890,620000,22171103000
2014-03-03,34550,35675,34550,35480,792200,27836887000
2014-02-28,35605,35700,34820,35050,588100,20720089500
2014-02-27,35965,35970,35360,35550,457000,16288466500
2014-02-26,35785,36670,35710,36180,436100,15780954000
2014-02-25,36650,36845,36305,36530,569000,20844624500
2014-02-24,35300,36080,35240,35995,610100,21787144500
2014-02-21,34930,35940,34900,35755,763800,27129426000
2014-02-20,35230,35375,34505,34525,730500,25416953000
2014-02-19,35590,36125,35490,35720,471100,16842905500
2014-02-18,35290,36685,34605,36265,1022900,36708951500
2014-02-17,34520,35085,34425,34750,493600,17133204000
2014-02-14,35625,36030,34500,34600,1375500,48560116500
2014-02-13,36235,36380,35600,35715,731500,26315816000
2014-02-12,37600,37795,36455,36630,737000,27206683500
2014-02-10,36840,37360,36620,37335,554900,20589212500
2014-02-07,36480,36520,36100,36260,519500,18853730000
2014-02-06,35865,36730,35805,35830,674600,24441740000
2014-02-05,36705,36895,35520,35960,1014400,36593316000
2014-02-04,36400,36665,36000,36035,998200,36202010000
2014-02-03,37410,37580,37015,37185,714600,26638214000
2014-01-31,39205,39340,37500,38110,842000,32322208500
2014-01-30,38670,38815,37980,38765,939400,36140915500
2014-01-29,38830,39375,38700,39360,904700,35331971000
2014-01-28,37895,38130,37525,38130,691900,26202755500
2014-01-27,37150,37790,37120,37600,1047200,39218174000
2014-01-24,38135,38475,37680,38215,1293600,49294474000
2014-01-23,39025,39680,38740,38825,954600,37387720000
2014-01-22,38500,39070,38120,38840,952300,36766650500
2014-01-21,38100,39295,38100,39120,927200,36174689000
2014-01-20,38300,38400,37850,38005,634600,24134298500
2014-01-17,38245,39040,38200,38630,998100,38496626500
2014-01-16,39210,39500,38600,38820,917700,35810600000
2014-01-15,39900,39945,39215,39755,938700,37159892500
2014-01-14,39050,39800,38900,39015,1504400,59123005500
2014-01-10,40250,41600,40200,41100,2206300,89903100000
2014-01-09,40450,40550,39700,39800,943200,37779915000
2014-01-08,40850,41550,40750,41350,722800,29756515000
2014-01-07,40200,41250,40200,40500,1093600,44436075000
2014-01-06,42500,42600,40900,40900,1562000,65006385000
2013-12-30,43400,43800,42600,43400,841000,36362330000
2013-12-27,43950,44150,42650,43300,941900,40697850000
2013-12-26,44800,45350,43300,44050,1219600,53859195000
2013-12-25,42550,44450,42350,44350,1209900,52879810000
2013-12-24,42800,43300,42150,42350,1319800,56356545000
2013-12-20,40500,41900,40500,41850,988100,40892345000
2013-12-19,40150,41050,39850,40750,1714000,69480885000
2013-12-18,37950,39050,37900,39000,1005900,39013375000
2013-12-17,37850,38300,37750,37950,633700,24104290000
2013-12-16,38250,38300,37350,37400,623600,23520870000
2013-12-13,37000,38400,37000,38100,2793800,104542045000
2013-12-12,37250,37400,36700,37200,834800,30881030000
2013-12-11,37600,37900,37150,37700,860600,32321015000
2013-12-10,38450,38500,38000,38150,661900,25274220000
2013-12-09,38300,38750,38000,38700,791700,30397770000
2013-12-06,36500,37550,36500,37450,834700,30888845000
2013-12-05,38050,38350,36750,37000,1092400,40954995000
2013-12-04,38300,38800,37800,38200,1072000,41013470000
2013-12-03,39350,39450,38700,38950,1009900,39440345000
2013-12-02,38600,39050,38400,38950,592800,22978975000
2013-11-29,38650,39600,38350,38800,1152600,44887825000
2013-11-28,38000,39000,37950,38950,1176500,45350050000
2013-11-27,37250,37700,36850,37650,668100,24997255000
2013-11-26,37200,37800,37150,37700,591200,22197495000
2013-11-25,37400,37950,37100,37700,879500,33092500000
2013-11-22,37800,38000,36750,36800,1197400,44737245000
2013-11-21,36400,37350,36100,37100,1143900,42232775000
2013-11-20,36150,36400,35800,35800,643600,23259630000
2013-11-19,35550,36000,35250,35950,667000,23797445000
2013-11-18,36050,36300,35300,35700,896500,32118555000
2013-11-15,35050,35750,34600,35600,1321200,46713335000
2013-11-14,33050,34650,32950,34250,1565600,53358860000
2013-11-13,31800,32650,31800,32550,543300,17584600000
2013-11-12,30950,32250,30850,32200,823500,26180790000
2013-11-11,30900,31000,30650,30800,589700,18176820000
2013-11-08,30900,31050,30350,30600,1058200,32478830000
2013-11-07,32400,32550,31700,31750,456700,14603295000
2013-11-06,31500,32350,31400,32250,617700,19692050000
2013-11-05,32800,32850,32200,32500,436600,14192255000
2013-11-01,33050,33350,32400,32650,563900,18499295000
2013-10-31,33700,33800,32850,32850,546200,18183825000
2013-10-30,33550,34000,33400,33900,657900,22185290000
2013-10-29,32700,33100,32600,33000,467800,15358890000
2013-10-28,32850,33250,32600,33200,458000,15094010000
2013-10-25,33050,33350,32150,32150,816500,26656585000
2013-10-24,33300,33650,32600,33300,715600,23683155000
2013-10-23,34650,34700,33350,33500,689000,23367175000
2013-10-22,34000,34650,34000,34450,327200,11251820000
2013-10-21,34050,34300,33950,34200,431100,14727575000
2013-10-18,33950,34250,33700,33850,508300,17243650000
2013-10-17,34450,34600,33850,34150,645600,22116670000
2013-10-16,34000,34200,33650,33850,583900,19769610000
2013-10-15,33650,34350,33650,34200,623100,21235260000
2013-10-11,33150,33500,32700,33450,2100600,69611490000
2013-10-10,35300,35350,34250,34550,463200,16067725000
2013-10-09,34150,34850,33850,34750,512600,17739850000
2013-10-08,33950,34600,33700,34550,520300,17833740000
2013-10-07,35000,35050,34000,34050,658800,22586990000
2013-10-04,34750,35200,34300,34600,738600,25629510000
2013-10-03,34850,35450,34550,35250,1047800,36779000000
2013-10-02,37150,37250,35450,35550,1194000,43116445000
2013-10-01,37200,37650,36950,37100,574500,21405360000
2013-09-30,36800,37350,36650,36850,626000,23133170000
2013-09-27,37700,38100,37400,37750,727400,27498030000
2013-09-26,36750,37800,36400,37600,777400,28941890000
2013-09-25,36900,37200,36350,36350,613500,22496185000
2013-09-24,36550,37300,36350,37200,465100,17160095000
2013-09-20,36950,37100,36600,36750,570600,21044525000
2013-09-19,37000,37200,36500,36900,832800,30761760000
2013-09-18,35500,36500,35450,36350,766900,27730395000
2013-09-17,35650,35750,35150,35200,365700,12991420000
2013-09-13,35150,35600,35000,35500,2078900,73211245000
2013-09-12,34900,35650,34900,35300,617400,21794600000
2013-09-11,34950,35900,34750,34750,747500,26333600000
2013-09-10,34400,34800,34150,34750,607300,20949150000
2013-09-09,34350,34350,33800,34050,619100,21137560000
2013-09-06,34500,34500,32950,32950,697000,23353915000
2013-09-05,34500,34800,33900,34200,677500,23256040000
2013-09-04,34050,34100,33100,34050,851700,28682135000
2013-09-03,33000,34100,33000,34050,874800,29581855000
2013-09-02,32050,32900,31850,32750,503100,16387495000
2013-08-30,32100,32350,31700,31900,662300,21221420000
2013-08-29,31300,31800,31150,31800,601000,18937290000
2013-08-28,30150,31100,30050,30900,636500,19512970000
2013-08-27,31300,31800,31150,31300,310900,9757695000
2013-08-26,32150,32200,31600,31750,350100,11146765000
2013-08-23,32050,32450,31600,31850,773200,24739100000
2013-08-22,31000,31500,30600,31100,484200,15016250000
2013-08-21,31350,31550,30400,31300,724300,22496845000
2013-08-20,31600,32000,30950,31150,658300,20637370000
2013-08-19,32350,32450,31800,32200,352800,11337065000
2013-08-16,31500,32400,31200,32000,484200,15462755000
2013-08-15,32500,33050,31900,32100,690100,22299030000
2013-08-14,32800,33250,31950,33200,727100,23773995000
2013-08-13,32000,32650,31750,32650,548700,17687220000
2013-08-12,31200,31900,30750,31300,520000,16275615000
2013-08-09,31950,32450,31300,31650,1176800,37520645000
2013-08-08,32950,34000,31900,32100,885900,29190125000
2013-08-07,33650,34150,32900,32900,900100,30154900000
2013-08-06,34550,35150,33600,35050,632000,21720120000
2013-08-05,35300,35600,34600,34700,500200,17524410000
2013-08-02,34900,35750,34800,35600,694400,24538035000
2013-08-01,33050,34200,33000,34200,575700,19414605000
2013-07-31,33700,33700,33000,33550,767800,25634410000
2013-07-30,33800,34550,33600,34400,804600,27455955000
2013-07-29,34750,35200,34100,34100,716200,24736105000
2013-07-26,36150,36600,35450,35450,772300,27745910000
2013-07-25,36350,36950,36200,36650,501500,18340250000
2013-07-24,36450,36600,36100,36300,554700,20144195000
2013-07-23,36000,37150,35950,36650,635900,23331210000
2013-07-22,36800,36900,35750,36450,724900,26367525000
2013-07-19,37300,37700,35500,36150,1503000,54780640000
2013-07-18,35950,36900,35500,36750,827000,30066595000
2013-07-17,35050,35900,34950,35850,641800,22752910000
2013-07-16,35750,36450,34900,35300,1185400,42085050000
2013-07-12,36700,37150,36000,36450,2045100,74792760000
2013-07-11,37400,38750,37350,38700,607900,23248715000
2013-07-10,37950,38750,37250,38000,741300,28191795000
2013-07-09,37150,38500,36700,38450,775300,29268710000
2013-07-08,37900,38250,36750,36800,769100,28881000000
2013-07-05,35900,37000,35750,37000,729900,26635595000
2013-07-04,34550,35350,34400,35250,399100,13999445000
2013-07-03,36000,36250,34450,34800,919900,32384380000
2013-07-02,33900,35350,33800,35300,794700,27471675000
2013-07-01,33500,34000,32700,33900,587800,19613575000
2013-06-28,31850,33500,31300,33450,929200,30332810000
2013-06-27,31000,31650,30600,31500,630900,19696455000
2013-06-26,31300,31850,30450,30600,832900,25968990000
2013-06-25,30500,31100,29670,30500,855800,25895623000
2013-06-24,32150,32150,30100,30300,643500,19921085000
2013-06-21,29210,31950,29010,31050,1457500,44606287000
2013-06-20,29670,30450,29220,29620,1124100,33513921000
2013-06-19,30350,30700,29630,30300,797200,24051740000
2013-06-18,29310,30200,29120,29820,706000,20969089000
2013-06-17,28500,29800,27900,29740,1089400,31497771000
2013-06-14,28650,29650,28540,28940,2795100,80528356000
2013-06-13,30350,30550,28550,28550,1669200,48822234000
2013-06-12,30600,31400,30100,31250,644000,19810950000
2013-06-11,31900,32500,31050,31250,798500,25238755000
2013-06-10,32500,32550,30600,32050,959100,30352010000
2013-06-07,28990,31350,28580,31100,1776000,53695508000
2013-06-06,30350,30450,29210,29460,1642600,48937703000
2013-06-05,33950,34100,29580,29920,1979000,61878398000
2013-06-04,32950,33900,32000,33050,1121600,37128325000
2013-06-03,34600,34600,32700,32700,1052000,34905870000
2013-05-31,34600,35200,33650,34900,1148600,39635715000
2013-05-30,35750,36100,33200,33200,1562000,54314005000
2013-05-29,38450,38550,36800,37350,932000,34854790000
2013-05-28,37100,38950,36900,38100,875600,33246935000
2013-05-27,36200,37600,35600,37250,1049300,38618070000
2013-05-24,39550,40200,35200,38300,2233800,84350360000
2013-05-23,42000,44400,38100,38100,2721100,112600395000
2013-05-22,38600,41500,38550,41400,1105000,44550080000
2013-05-21,38700,38950,38250,38550,416000,16026805000
2013-05-20,38750,39200,38600,39200,537100,20950765000
2013-05-17,38250,38900,37700,38900,644600,24769750000
2013-05-16,38750,38850,37550,38250,740400,28338140000
2013-05-15,39000,39250,38250,38800,530200,20556585000
2013-05-14,38300,38400,37900,38000,347400,13249925000
2013-05-13,37850,38450,37550,38000,451900,17165145000
2013-05-10,37400,37600,36850,37300,1043500,38939705000
2013-05-09,36450,36900,36250,36250,365500,13333500000
2013-05-08,36400,36900,36100,36250,690800,25160330000
2013-05-07,36600,37050,36000,36950,688400,25214930000
2013-05-02,35950,36100,35300,35350,595800,21182970000
2013-05-01,35750,36450,35500,36000,428600,15443185000
2013-04-30,35600,35850,34900,35700,706600,25034545000
2013-04-26,34600,35750,34350,35700,1486000,52344630000
2013-04-25,34050,34450,33650,34100,628800,21466550000
2013-04-24,33750,34100,33650,34050,434400,14746405000
2013-04-23,33950,34150,33450,33500,412900,13902130000
2013-04-22,33900,34350,33550,34300,523000,17797465000
2013-04-19,33950,33950,33350,33500,378300,12706085000
2013-04-18,33500,34150,33300,33500,631500,21272870000
2013-04-17,34050,34400,33700,33950,498400,16959650000
2013-04-16,32650,34300,32550,33800,929200,31146285000
2013-04-15,33550,34200,33350,33350,661400,22313655000
2013-04-12,33850,34800,32650,34250,2437900,82687485000
2013-04-11,34200,34550,33300,34550,1049100,35624390000
2013-04-10,33500,34150,33300,33500,1013400,34200255000
2013-04-09,34900,35200,33700,33750,940900,32324190000
2013-04-08,35600,36300,34900,35050,868800,30806060000
2013-04-05,38000,38350,34900,34900,1376100,50015735000
2013-04-04,34800,35850,33600,35650,1395300,48352980000
2013-04-03,33500,35800,33350,35650,1713000,59356475000
2013-04-02,30850,31350,30300,31300,1230700,38038850000
2013-04-01,30850,31350,30500,30650,1731200,53555090000
2013-03-29,30200,30800,30000,30650,518000,15805895000
2013-03-28,29970,30250,29810,29930,1018700,30534389000
2013-03-27,30400,30450,29700,30150,484400,14540375000
2013-03-26,30150,30600,30050,30150,521300,15764260000
2013-03-25,30100,30900,29940,30700,857600,26149229000
2013-03-22,30200,30400,29300,29330,919700,27438579000
2013-03-21,30550,30800,30200,30700,423800,12946040000
2013-03-19,30050,30250,29840,30100,597600,17951942000
2013-03-18,29620,29820,29290,29290,682700,20196459000
2013-03-15,30300,30650,30100,30400,490600,14939170000
2013-03-14,29860,30350,29850,30300,778000,23407372000
2013-03-13,30100,30350,29390,29550,1083500,32180192000
2013-03-12,30900,31300,29990,30200,1014500,30784784000
2013-03-11,31450,31500,30700,30900,1092800,33921230000
2013-03-08,29000,31600,28950,31500,4937300,146045036000
2013-03-07,29440,29650,28610,28690,1306700,37885194000
2013-03-06,27570,29070,27530,28940,1698900,48473946000
2013-03-05,26370,27100,26210,26770,1100000,29340707000
2013-03-04,25800,25800,25130,25370,542400,13808592000
2013-03-01,25170,25630,25080,25380,505500,12833381000
2013-02-28,25150,25480,25050,25430,849500,21488093000
2013-02-27,25100,25240,24570,24580,588700,14625646000
2013-02-26,25000,25300,24920,24960,1063600,26667532000
2013-02-25,25660,26000,25590,26000,817100,21092770000
2013-02-22,24830,25190,24510,25170,664100,16553250000
2013-02-21,25360,25470,24870,24910,659000,16551280000
2013-02-20,25520,25550,25320,25450,506600,12896737000
2013-02-19,25200,25590,25150,25320,386300,9788500000
2013-02-18,25210,25540,25050,25390,736600,18679118000
2013-02-15,24780,25290,24730,24860,785200,19653974000
2013-02-14,24690,25050,24570,24910,618800,15404206000
2013-02-13,24900,24970,24650,24680,408100,10117464000
2013-02-12,24760,24980,24500,24860,644000,15978773000
2013-02-08,24210,24750,24010,24070,1488000,36013329000
2013-02-07,24950,25040,24600,24710,666400,16503531000
2013-02-06,24790,25310,24730,25200,922900,23119093000
2013-02-05,24310,24470,24110,24230,698500,16966026000
2013-02-04,25170,25260,24910,25020,559200,14039475000
2013-02-01,24360,24940,24230,24850,700300,17275011000
2013-01-31,23570,24080,23490,24080,580300,13841541000
2013-01-30,23050,23840,22950,23840,735100,17258508000
2013-01-29,22690,23130,22650,22850,480700,11022469000
2013-01-28,23380,23450,22900,22940,380700,8790590000
2013-01-25,23050,23210,22740,23210,472800,10876476000
2013-01-24,22470,22670,22270,22550,477300,10741492000
2013-01-23,22650,23070,22330,22330,894000,20299838000
2013-01-22,22780,23300,22730,22900,1021700,23492451000
2013-01-21,23490,23500,22590,22590,686200,15682371000
2013-01-18,23240,23480,22910,23430,892000,20719546000
2013-01-17,22700,23190,22170,22740,1001000,22537078000
2013-01-16,23410,23420,22710,22720,1010500,23249972000
2013-01-15,23860,24090,23770,23820,771200,18431794000
2013-01-11,22790,23650,22790,23640,1857900,43063432000
2013-01-10,22800,22940,22510,22560,588100,13329332000
2013-01-09,22610,22910,22600,22820,633900,14450570000
2013-01-08,22690,22950,22580,22910,616800,14048173000
2013-01-07,22350,22890,22150,22810,980700,22159586000
2013-01-04,22500,22530,22030,22200,587300,13059158000
2012-12-28,21480,21970,21450,21840,854200,18569214000
2012-12-27,21300,21560,21220,21270,749600,16004759000
2012-12-26,20890,21170,20640,21170,644000,13446134000
2012-12-25,20350,20770,20290,20770,657300,13530926000
2012-12-21,20590,20710,20050,20090,958000,19388002000
2012-12-20,20800,20880,20310,20370,1030200,21190530000
2012-12-19,21040,21330,20820,21230,834000,17582323000
2012-12-18,20610,20840,20540,20830,562500,11662797000
2012-12-17,20320,20910,20220,20500,1043300,21498194000
2012-12-14,20060,20120,19820,19920,2743500,54972737000
2012-12-13,19980,20260,19890,20200,866600,17428830000
2012-12-12,19800,19860,19610,19790,520800,10279773000
2012-12-11,19360,19700,19340,19640,584700,11446664000
2012-12-10,19290,19460,19140,19420,460600,8918597000
2012-12-07,19240,19360,19120,19130,393700,7569719000
2012-12-06,19200,19420,19050,19250,726600,13997039000
2012-12-05,18690,19280,18690,19250,955500,18173690000
2012-12-04,18950,18990,18680,18690,513700,9650888000
2012-12-03,18800,19090,18730,19010,574900,10902583000
2012-11-30,18600,18800,18500,18720,671900,12553104000
2012-11-29,18490,18520,18250,18490,637900,11740542000
2012-11-28,18460,18640,18400,18430,605600,11204448000
2012-11-27,18030,18500,18030,18380,573500,10524389000
2012-11-26,18000,18220,17930,18030,580900,10488744000
2012-11-22,17790,17860,17640,17860,397800,7062976000
2012-11-21,17600,17670,17470,17620,419000,7375330000
2012-11-20,17400,17560,17220,17480,337900,5896154000
2012-11-19,17400,17490,17200,17420,383900,6668842000
2012-11-16,17100,17310,16990,17170,582200,9995256000
2012-11-15,16800,16920,16620,16910,485800,8174107000
2012-11-14,16850,16930,16680,16690,246600,4136536000
2012-11-13,16980,17170,16720,16760,441700,7476121000
2012-11-12,16800,16950,16700,16830,298200,5013973000
2012-11-09,17050,17170,16870,16870,595300,10124562000
2012-11-08,17220,17340,17040,17140,316400,5422694000
2012-11-07,17480,17530,17180,17380,367600,6388986000
2012-11-06,17420,17430,17220,17340,315700,5467066000
2012-11-05,17350,17410,17230,17310,434600,7536166000
2012-11-02,17650,17650,17420,17420,379500,6642512000
2012-11-01,17700,17710,17350,17440,580300,10154926000
2012-10-31,17920,18030,17780,17780,472800,8465609000
2012-10-30,17890,18080,17650,17690,526900,9430572000
2012-10-29,17950,18000,17760,17830,336000,6004468000
2012-10-26,17940,18020,17730,17770,541000,9666309000
2012-10-25,17420,17870,17410,17850,578200,10223173000
2012-10-24,17030,17590,16970,17400,599300,10397593000
2012-10-23,17150,17340,17150,17300,538900,9302111000
2012-10-22,16880,17120,16650,17080,421700,7163695000
2012-10-19,17010,17010,16830,16910,452600,7653541000
2012-10-18,16650,17070,16510,17010,721100,12161236000
2012-10-17,16300,16620,16140,16540,784000,12894854000
2012-10-16,16100,16250,16100,16190,623200,10089487000
2012-10-15,16100,16320,15810,16000,902300,14454274000
2012-10-12,16700,16700,15920,16040,2993400,48700854000
2012-10-11,17790,17900,17580,17810,634500,11243890000
2012-10-10,18300,18400,18000,18040,481400,8734932000
2012-10-09,18470,18640,18280,18480,411000,7598468000
2012-10-05,18300,18500,18270,18470,459100,8453798000
2012-10-04,18230,18320,18060,18150,390000,7092429000
2012-10-03,17760,18300,17730,18180,828400,14998569000
2012-10-02,17710,17850,17500,17530,582000,10250213000
2012-10-01,18120,18260,17710,17790,384000,6881449000
2012-09-28,18300,18400,18150,18150,528500,9654567000
2012-09-27,18100,18150,17830,18120,358400,6465110000
2012-09-26,18120,18160,18010,18020,364500,6586733000
2012-09-25,18110,18430,18100,18190,556200,10171340000
2012-09-24,17990,18350,17830,18110,833100,15050762000
2012-09-21,18210,18220,17990,18060,381500,6899649000
2012-09-20,18060,18250,18000,18060,1063500,19236754000
2012-09-19,17580,18250,17560,18050,1166700,21037918000
2012-09-18,18490,18490,17470,17480,1517700,27028282000
2012-09-14,18580,18840,18580,18790,1906800,35554261000
2012-09-13,18300,18450,18220,18400,259100,4756469000
2012-09-12,18180,18340,18010,18310,327900,5969702000
2012-09-11,17970,18190,17930,18080,322200,5826809000
2012-09-10,18050,18160,17850,18030,423400,7622429000
2012-09-07,18220,18300,18110,18110,431500,7851437000
2012-09-06,17900,18080,17750,18010,376300,6754864000
2012-09-05,17920,18120,17780,17900,727000,13046717000
2012-09-04,18200,18260,17990,18080,439300,7952709000
2012-09-03,18270,18400,18140,18140,372600,6797723000
2012-08-31,18070,18370,18050,18270,387700,7078298000
2012-08-30,18500,18500,18200,18270,352300,6452693000
2012-08-29,18500,18540,18380,18520,467600,8647562000
2012-08-28,18450,18580,18340,18540,733900,13575931000
2012-08-27,18250,18340,18190,18300,341700,6247179000
2012-08-24,18150,18190,18060,18090,409600,7418729000
2012-08-23,18110,18400,18020,18350,585900,10698553000
2012-08-22,17920,18200,17910,18190,413900,7478166000
2012-08-21,17920,18080,17850,17920,349900,6281944000
2012-08-20,17990,18040,17890,17940,485800,8723688000
2012-08-17,17980,18050,17870,17920,534400,9601976000
2012-08-16,17520,17950,17410,17920,650200,11571724000
2012-08-15,17400,17450,17210,17400,279500,4843885000
2012-08-14,17270,17400,17260,17360,328400,5691475000
2012-08-13,17200,17370,17190,17250,229500,3966140000
2012-08-10,17460,17590,17210,17220,856100,14863604000
2012-08-09,17220,17680,17210,17610,727300,12716226000
2012-08-08,16950,17340,16950,17220,771000,13279227000
2012-08-07,16630,16900,16600,16840,466100,7836997000
2012-08-06,16460,16700,16420,16650,509100,8442991000
2012-08-03,15850,16490,15850,16300,853200,13901878000
2012-08-02,16230,16230,15720,15840,768100,12204483000
2012-08-01,16050,16310,16020,16270,463000,7474758000
2012-07-31,15960,16230,15950,16150,510700,8232068000
2012-07-30,16070,16100,15900,15980,370500,5928658000
2012-07-27,16060,16150,15920,15950,372100,5958840000
2012-07-26,15890,15930,15760,15910,500500,7931032000
2012-07-25,15740,15850,15620,15770,497400,7830211000
2012-07-24,15800,15940,15660,15840,470300,7449671000
2012-07-23,16090,16120,15660,15730,518000,8189977000
2012-07-20,15980,16340,15930,16090,693900,11200606000
2012-07-19,15980,16150,15850,15900,493900,7885207000
2012-07-18,16170,16170,15940,16000,576900,9266952000
2012-07-17,15410,16100,15400,16060,908600,14439306000
2012-07-13,15210,15520,15210,15330,920400,14085399000
2012-07-12,15480,15630,15250,15290,721400,11104580000
2012-07-11,15320,15460,15300,15430,455300,7008330000
2012-07-10,15410,15490,15280,15380,616600,9497999000
2012-07-09,15280,15630,15270,15400,825800,12725636000
2012-07-06,15730,15900,15670,15790,466900,7369540000
2012-07-05,15810,15880,15710,15780,299400,4723840000
2012-07-04,15850,15960,15770,15850,420500,6669183000
2012-07-03,15560,15750,15400,15720,875800,13612139000
2012-07-02,16000,16140,15920,15960,474400,7602646000
2012-06-29,15560,16000,15520,15880,667700,10550660000
2012-06-28,15950,15950,15620,15720,577500,9092955000
2012-06-27,15550,15790,15450,15790,551100,8644911000
2012-06-26,15190,15610,15170,15510,561300,8662238000
2012-06-25,15200,15390,15200,15310,408800,6256717000
2012-06-22,15260,15430,15210,15350,587100,8994468000
2012-06-21,15360,15540,15230,15460,685500,10566691000
2012-06-20,15490,15540,15180,15350,689500,10576456000
2012-06-19,15600,15610,15300,15390,492200,7598352000
2012-06-18,15800,15830,15550,15600,524200,8214133000
2012-06-15,15410,15560,15350,15490,669100,10364214000
2012-06-14,15300,15570,15270,15290,903200,13885785000
2012-06-13,15270,15560,15270,15500,637400,9858239000
2012-06-12,15210,15600,15140,15220,814600,12481339000
2012-06-11,15580,15620,15420,15500,688100,10685085000
2012-06-08,15760,15990,15210,15250,3979800,62049782000
2012-06-07,16450,16530,16010,16030,964400,15627555000
2012-06-06,16200,16470,15830,16360,1367600,22115403000
2012-06-05,17000,17010,16050,16060,1815700,29842212000
2012-06-04,17370,17650,17300,17610,696000,12165188000
2012-06-01,17490,17830,17480,17770,623400,11056730000
2012-05-31,17570,17710,17240,17490,879200,15325852000
2012-05-30,17670,17990,17620,17890,657500,11735841000
2012-05-29,17580,17780,17440,17660,733700,12920397000
2012-05-28,17400,17740,17360,17590,588600,10371807000
2012-05-25,16870,17250,16760,17220,610900,10430914000
2012-05-24,16760,17000,16750,16820,695900,11736650000
2012-05-23,17080,17090,16580,16710,754900,12652800000
2012-05-22,17180,17270,16920,17200,595300,10186427000
2012-05-21,16940,17170,16810,17100,618700,10546350000
2012-05-18,16480,16880,16470,16670,870800,14542748000
2012-05-17,16830,16970,16610,16700,830500,13920042000
2012-05-16,16840,16980,16710,16820,845100,14218297000
2012-05-15,16760,17100,16670,16980,652300,11055695000
2012-05-14,16540,16970,16510,16820,506900,8520764000
2012-05-11,16630,16690,16410,16450,701200,11611769000
2012-05-10,16880,16880,16630,16640,545600,9121487000
2012-05-09,17090,17090,16850,16890,548500,9286016000
2012-05-08,16890,17230,16890,17150,549100,9377491000
2012-05-07,16730,17160,16670,16890,788700,13348310000
2012-05-02,17650,17670,17270,17500,551300,9639884000
2012-05-01,17680,17810,17510,17600,501400,8858633000
2012-04-27,17830,18070,17680,17930,1007000,17995141000
2012-04-26,17880,17940,17580,17860,1248100,22168827000
2012-04-25,17950,18160,17910,18060,774700,13985146000
2012-04-24,17880,18030,17630,17850,671600,11960398000
2012-04-23,18460,18480,17930,18060,784300,14246534000
2012-04-20,18540,18670,18500,18590,485100,9019170000
2012-04-19,18620,18750,18540,18690,568800,10604302000
2012-04-18,18930,18950,18570,18860,541800,10179454000
2012-04-17,18520,18760,18310,18600,626000,11584248000
2012-04-16,18900,18900,18540,18690,768500,14374971000
2012-04-13,18270,19020,18240,18970,3616500,67067655000
2012-04-12,17320,17530,17230,17470,532700,9270363000
2012-04-11,17340,17420,17170,17210,662500,11446612000
2012-04-10,17440,17690,17350,17490,543300,9520194000
2012-04-09,17420,17630,17170,17350,657500,11441757000
2012-04-06,17550,17690,17390,17570,761000,13372239000
2012-04-05,17680,17980,17380,17440,1587000,28010559000
2012-04-04,18600,18630,17800,17800,1914900,34706476000
2012-04-03,19020,19080,18880,18880,486100,9219187000
2012-04-02,18890,19150,18870,19030,902800,17169492000
2012-03-30,18550,18860,18410,18860,768900,14385315000
2012-03-29,18300,18640,18220,18630,640000,11859029000
2012-03-28,18350,18430,18260,18350,440600,8077998000
2012-03-27,18250,18460,18160,18460,666200,12213115000
2012-03-26,18120,18180,17990,18050,358200,6469680000
2012-03-23,18000,18140,17940,18030,572000,10301059000
2012-03-22,17950,18180,17910,18180,683000,12327580000
2012-03-21,17610,18020,17610,18000,681700,12169763000
2012-03-19,17720,17790,17530,17700,479500,8477571000
2012-03-16,17930,17990,17640,17710,700700,12455203000
2012-03-15,17950,18040,17860,17910,667100,11976872000
2012-03-14,18120,18140,17860,17860,747400,13432240000
2012-03-13,17700,17980,17690,17780,957400,17101000000
2012-03-12,17870,17950,17580,17580,737700,13124858000
2012-03-09,17780,17800,17470,17660,3354800,59552963000
2012-03-08,17000,17400,16920,17400,921100,15871876000
2012-03-07,16780,16950,16760,16790,745300,12554155000
2012-03-06,17120,17350,17000,17020,736100,12615016000
2012-03-05,16940,17210,16850,17080,698500,11941205000
2012-03-02,16970,17000,16810,16850,625300,10569870000
2012-03-01,16770,17070,16750,16960,653900,11070043000
2012-02-29,16750,17030,16710,16830,756300,12771921000
2012-02-28,16390,16720,16250,16720,562800,9303219000
2012-02-27,16670,16670,16300,16380,535800,8785347000
2012-02-24,16700,16730,16590,16680,600800,10005458000
2012-02-23,16570,16820,16540,16690,779500,13025908000
2012-02-22,16450,16670,16410,16610,648600,10761584000
2012-02-21,16360,16480,16230,16450,575800,9423623000
2012-02-20,16840,16840,16430,16450,552200,9158291000
2012-02-17,16230,16520,16150,16440,1022600,16755603000
2012-02-16,16120,16180,15910,15970,542300,8677985000
2012-02-15,15780,16200,15740,16120,953500,15292550000
2012-02-14,15500,15770,15470,15710,528900,8288612000
2012-02-13,15500,15650,15320,15630,453200,7040798000
2012-02-10,15680,15680,15460,15470,1007500,15717170000
2012-02-09,15900,15910,15630,15710,700900,11042748000
2012-02-08,15790,16030,15740,16000,773900,12348736000
2012-02-07,15740,15780,15560,15620,470800,7359944000
2012-02-06,15600,15830,15540,15810,527600,8298393000
2012-02-03,15450,15520,15290,15440,604200,9312741000
2012-02-02,15440,15480,15310,15470,531700,8191740000
2012-02-01,15080,15250,14930,15220,491700,7428435000
2012-01-31,15020,15200,15010,15150,639900,9683591000
2012-01-30,15070,15200,14910,15000,472200,7091748000
2012-01-27,14760,15030,14750,15030,814400,12104764000
2012-01-26,14900,15020,14860,14970,379900,5676950000
2012-01-25,15100,15100,14920,14920,500400,7507244000
2012-01-24,14770,15110,14740,15100,714700,10720584000
2012-01-23,14630,14790,14590,14720,541800,7968019000
2012-01-20,14990,14990,14680,14680,778200,11548618000
2012-01-19,14980,15060,14930,14950,507200,7607979000
2012-01-18,14780,15000,14740,14980,650300,9677803000
2012-01-17,14640,14820,14630,14750,442100,6511265000
2012-01-16,14610,14670,14530,14610,360100,5255652000
2012-01-13,14740,14780,14450,14770,1543700,22669096000
2012-01-12,14520,14600,14330,14520,540500,7814121000
2012-01-11,14360,14750,14280,14590,1043400,15191988000
2012-01-10,13890,14390,13860,14390,952300,13533413000
2012-01-06,13990,14030,13790,13850,765500,10635609000
2012-01-05,13720,13840,13600,13800,511500,7030811000
2012-01-04,14050,14050,13700,13720,559100,7719804000