,filename,pollen_carrying
0,P10057-125r.jpg,1
1,P57380-120r.jpg,1
2,NP63671-221r.jpg,0
3,NP53776-47r.jpg,0
4,NP13382-201r.jpg,0
5,P63866-224r.jpg,1
6,P22071-82r.jpg,1
7,NP64043-227r.jpg,0
8,NP59420-165r.jpg,0
9,P63758-222r.jpg,1
10,NP7466-94r.jpg,0
11,P10154-129r.jpg,1
12,P64068-228r.jpg,1
13,NP59840-177r.jpg,0
14,P55845-94r.jpg,1
15,P19209-27r.jpg,1
16,P12673-178r.jpg,1
17,P64234-230r.jpg,1
18,P18721-13r.jpg,1
19,NP25986-168r.jpg,0
20,P26791-189r.jpg,1
21,P6961-88r.jpg,1
22,NP63640-219r.jpg,0
23,P65298-242r.jpg,1
24,P7466-93r.jpg,1
25,P11735-162r.jpg,1
26,P8973-107r.jpg,1
27,P53866-56r.jpg,1
28,NP29062-244r.jpg,0
29,P1149-10r.jpg,1
30,NP57555-127r.jpg,0
31,NP5762-71r.jpg,0
32,P19401-31r.jpg,1
33,P63199-210r.jpg,1
34,NP26910-194r.jpg,0
35,P2883-17r.jpg,1
36,NP7621-96r.jpg,0
37,P61949-194r.jpg,1
38,P53247-38r.jpg,1
39,P27702-211r.jpg,1
40,NP25968-164r.jpg,0
41,NP29088-246r.jpg,0
42,NP24063-128r.jpg,0
43,P14448-224r.jpg,1
44,NP1768-12r.jpg,0
45,P65528-248r.jpg,1
46,NP13365-199r.jpg,0
47,P25880-161r.jpg,1
48,P26673-187r.jpg,1
49,NP5051-59r.jpg,0
50,NP24025-126r.jpg,0
51,NP57927-141r.jpg,0
52,P28430-225r.jpg,1
53,P13481-204r.jpg,1
54,NP59391-163r.jpg,0
55,P18759-15r.jpg,1
56,P65467-246r.jpg,1
57,P3909-21r.jpg,1
58,NP8973-108r.jpg,0
59,P24473-137r.jpg,1
60,P12063-166r.jpg,1
61,P57540-124r.jpg,1
62,NP51602-3r.jpg,0
63,NP20725-59r.jpg,0
64,NP9226-114r.jpg,0
65,P1300-16r.jpg,1
66,NP832-7r.jpg,0
67,NP16051-251r.jpg,0
68,NP52239-11r.jpg,0
69,NP59832-175r.jpg,0
70,NP64976-239r.jpg,0
71,P11969-36r.jpg,1
72,P14225-220r.jpg,1
73,P55793-92r.jpg,1
74,P22809-105r.jpg,1
75,NP61713-193r.jpg,0
76,P11173-29r.jpg,1
77,NP8625-106r.jpg,0
78,NP28463-228r.jpg,0
79,P832-6r.jpg,1
80,P11139-147r.jpg,1
81,NP18759-16r.jpg,0
82,P52738-30r.jpg,1
83,P13659-211r.jpg,1
84,P53341-40r.jpg,1
85,NP11354-156r.jpg,0
86,P54936-80r.jpg,1
87,P29062-243r.jpg,1
88,NP19587-34r.jpg,0
89,NP9995-124r.jpg,0
90,NP54423-75r.jpg,0
91,P22679-101r.jpg,1
92,P26910-193r.jpg,1
93,NP6281-79r.jpg,0
94,NP22578-98r.jpg,0
95,NP52861-35r.jpg,0
96,P8625-105r.jpg,1
97,P25968-163r.jpg,1
98,NP10536-27r.jpg,0
99,P52248-14r.jpg,1
100,NP15838-249r.jpg,0
101,P18337-2r.jpg,1
102,P21252-68r.jpg,1
103,NP52587-29r.jpg,0
104,P23667-117r.jpg,1
105,P25377-157r.jpg,1
106,NP10566-136r.jpg,0
107,NP20384-46r.jpg,0
108,P12823-180r.jpg,1
109,NP3641-20r.jpg,0
110,P15204-236r.jpg,1
111,NP54190-67r.jpg,0
112,P2841-16r.jpg,1
113,NP14842-231r.jpg,0
114,NP12969-191r.jpg,0
115,P2730-14r.jpg,1
116,NP10861-146r.jpg,0
117,P20833-60r.jpg,1
118,NP56103-103r.jpg,0
119,P21541-69r.jpg,1
120,NP51770-7r.jpg,0
121,P9171-111r.jpg,1
122,P54260-72r.jpg,1
123,P5238-66r.jpg,1
124,NP58969-157r.jpg,0
125,P20384-45r.jpg,1
126,P53802-48r.jpg,1
127,P52328-18r.jpg,1
128,NP58302-147r.jpg,0
129,P53573-42r.jpg,1
130,NP1445-20r.jpg,0
131,NP53842-53r.jpg,0
132,P58262-144r.jpg,1
133,NP20364-44r.jpg,0
134,NP15525-245r.jpg,0
135,NP55621-91r.jpg,0
136,P52361-20r.jpg,1
137,P9755-119r.jpg,1
138,P11290-151r.jpg,1
139,P14055-216r.jpg,1
140,NP9755-120r.jpg,0
141,P59777-172r.jpg,1
142,NP15350-239r.jpg,0
143,NP9171-112r.jpg,0
144,P58841-154r.jpg,1
145,P16088-252r.jpg,1
146,P5100-60r.jpg,1
147,P28159-217r.jpg,1
148,P21577-73r.jpg,1
149,P12494-176r.jpg,1
150,P15422-240r.jpg,1
151,NP1768-13r.jpg,0
152,NP18476-9r.jpg,0
153,NP18952-24r.jpg,0
154,P6046-74r.jpg,1
155,P4561-50r.jpg,1
156,P65219-240r.jpg,1
157,NP7660-98r.jpg,0
158,P29121-247r.jpg,1
159,NP23937-123r.jpg,0
160,P27661-207r.jpg,1
161,NP52583-27r.jpg,0
162,P268-2r.jpg,1
163,P53916-60r.jpg,1
164,P63467-216r.jpg,1
165,P56585-112r.jpg,1
166,NP63000-205r.jpg,0
167,NP15092-235r.jpg,0
168,NP14428-223r.jpg,0
169,NP4736-55r.jpg,0
170,NP3309-36r.jpg,0
171,P54657-76r.jpg,1
172,NP27671-210r.jpg,0
173,NP58780-153r.jpg,0
174,P26107-171r.jpg,1
175,P3570-37r.jpg,1
176,P12891-184r.jpg,1
177,NP52799-33r.jpg,0
178,P56463-108r.jpg,1
179,NP59501-169r.jpg,0
180,NP57883-137r.jpg,0
181,P22578-96r.jpg,1
182,P11182-31r.jpg,1
183,P28349-221r.jpg,1
184,P28480-229r.jpg,1
185,P7797-103r.jpg,1
186,NP6534-85r.jpg,0
187,P27174-199r.jpg,1
188,P6877-86r.jpg,1
189,NP5150-65r.jpg,0
190,P53184-36r.jpg,1
191,P55089-84r.jpg,1
192,NP24997-150r.jpg,0
193,NP64700-237r.jpg,0
194,P11440-32r.jpg,1
195,NP55211-87r.jpg,0
196,NP57627-131r.jpg,0
197,P61628-188r.jpg,1
198,NP55374-89r.jpg,0
199,NP52563-25r.jpg,0
200,P6281-78r.jpg,1
201,NP57380-121r.jpg,0
202,P63671-220r.jpg,1
203,P21577-74r.jpg,1
204,NP13570-208r.jpg,0
205,NP1343-2r.jpg,0
206,P13382-200r.jpg,1
207,NP63866-225r.jpg,0
208,NP4656-53r.jpg,0
209,P59420-164r.jpg,1
210,P64043-226r.jpg,1
211,NP63758-223r.jpg,0
212,P24339-133r.jpg,1
213,NP54240-69r.jpg,0
214,NP64068-229r.jpg,0
215,P59840-176r.jpg,1
216,P24634-139r.jpg,1
217,P53857-54r.jpg,1
218,NP24865-145r.jpg,0
219,NP12673-179r.jpg,0
220,P25478-159r.jpg,1
221,NP64234-231r.jpg,0
222,P63640-218r.jpg,1
223,NP1300-17r.jpg,0
224,NP65298-243r.jpg,0
225,P11762-35r.jpg,1
226,P10109-127r.jpg,1
227,NP11735-163r.jpg,0
228,NP52413-23r.jpg,0
229,P57555-126r.jpg,1
230,P53614-44r.jpg,1
231,NP20624-54r.jpg,0
232,NP63199-211r.jpg,0
233,P2082-25r.jpg,1
234,P5051-58r.jpg,1
235,NP19884-38r.jpg,0
236,NP61949-195r.jpg,0
237,P53944-62r.jpg,1
238,P54249-70r.jpg,1
239,P51602-2r.jpg,1
240,NP14448-225r.jpg,0
241,P52248-12r.jpg,1
242,P13365-198r.jpg,1
243,NP65528-249r.jpg,0
244,P57927-140r.jpg,1
245,NP13481-205r.jpg,0
246,P58352-148r.jpg,1
247,P11181-30r.jpg,1
248,P59391-162r.jpg,1
249,P9331-115r.jpg,1
250,NP65467-247r.jpg,0
251,NP57540-125r.jpg,0
252,NP12063-167r.jpg,0
253,NP55879-97r.jpg,0
254,P19958-39r.jpg,1
255,NP13508-206r.jpg,0
256,P9897-121r.jpg,1
257,NP27249-202r.jpg,0
258,P20204-41r.jpg,1
259,P18564-10r.jpg,1
260,P16051-250r.jpg,1
261,P64976-238r.jpg,1
262,P59832-174r.jpg,1
263,P24360-135r.jpg,1
264,NP16546-257r.jpg,0
265,NP220-1r.jpg,0
266,P5762-70r.jpg,1
267,NP14225-221r.jpg,0
268,NP1149-11r.jpg,0
269,P25986-165r.jpg,1
270,P61713-192r.jpg,1
271,NP9331-116r.jpg,0
272,NP28096-216r.jpg,0
273,P28729-239r.jpg,1
274,NP24191-130r.jpg,0
275,P11180-149r.jpg,1
276,NP10623-139r.jpg,0
277,NP23937-124r.jpg,0
278,P23491-115r.jpg,1
279,P55021-82r.jpg,1
280,NP22875-108r.jpg,0
281,P20945-63r.jpg,1
282,P24981-147r.jpg,1
283,NP4050-41r.jpg,0
284,NP9897-122r.jpg,0
285,NP20204-42r.jpg,0
286,P13576-209r.jpg,1
287,NP22080-85r.jpg,0
288,P27101-196r.jpg,1
289,NP6877-87r.jpg,0
290,P26066-169r.jpg,1
291,P26330-178r.jpg,1
292,NP12823-181r.jpg,0
293,P28671-237r.jpg,1
294,NP15204-237r.jpg,0
295,P27927-213r.jpg,1
296,P20945-62r.jpg,1
297,NP21808-78r.jpg,0
298,P14842-230r.jpg,1
299,P54064-64r.jpg,1
300,P28386-223r.jpg,1
301,P12969-190r.jpg,1
302,P18381-4r.jpg,1
303,P1343-3r.jpg,1
304,P56103-102r.jpg,1
305,P6534-84r.jpg,1
306,NP10546-134r.jpg,0
307,NP2237-28r.jpg,0
308,P58969-156r.jpg,1
309,P58302-146r.jpg,1
310,P4736-54r.jpg,1
311,NP58262-145r.jpg,0
312,P15525-244r.jpg,1
313,NP28290-220r.jpg,0
314,NP25240-156r.jpg,0
315,NP28616-236r.jpg,0
316,NP14055-217r.jpg,0
317,NP59777-173r.jpg,0
318,P18476-8r.jpg,1
319,P15350-238r.jpg,1
320,NP6046-75r.jpg,0
321,NP4561-51r.jpg,0
322,NP58841-155r.jpg,0
323,NP16088-253r.jpg,0
324,NP12494-177r.jpg,0
325,P23160-111r.jpg,1
326,P11538-34r.jpg,1
327,NP19958-40r.jpg,0
328,P4439-24r.jpg,1
329,NP26307-176r.jpg,0
330,NP15422-241r.jpg,0
331,P22897-109r.jpg,1
332,NP5100-61r.jpg,0
333,P4277-23r.jpg,1
334,NP65219-241r.jpg,0
335,NP27927-214r.jpg,0
336,P23937-122r.jpg,1
337,NP57505-123r.jpg,0
338,NP28386-224r.jpg,0
339,NP63467-217r.jpg,0
340,NP56585-113r.jpg,0
341,P52271-16r.jpg,1
342,P14428-222r.jpg,1
343,P15092-234r.jpg,1
344,P63000-204r.jpg,1
345,P7789-101r.jpg,1
346,NP1779-22r.jpg,0
347,P22618-99r.jpg,1
348,P10546-133r.jpg,1
349,P58780-152r.jpg,1
350,NP12891-185r.jpg,0
351,NP56463-109r.jpg,0
352,P21808-77r.jpg,1
353,NP27471-206r.jpg,0
354,P59501-168r.jpg,1
355,NP53890-59r.jpg,0
356,P57883-136r.jpg,1
357,NP22026-80r.jpg,0
358,NP7441-92r.jpg,0
359,NP5238-67r.jpg,0
360,P21211-66r.jpg,1
361,NP55888-99r.jpg,0
362,P22324-86r.jpg,1
363,P51770-6r.jpg,1
364,NP28510-232r.jpg,0
365,NP11553-158r.jpg,0
366,P12828-40r.jpg,1
367,NP53827-51r.jpg,0
368,P64700-236r.jpg,1
369,P18976-26r.jpg,1
370,NP61628-189r.jpg,0
371,P57627-130r.jpg,1
372,P13015-41r.jpg,1
373,NP7789-102r.jpg,0
374,NP64282-235r.jpg,0
375,NP53857-55r.jpg,0
376,P19386-29r.jpg,1
377,NP25880-162r.jpg,0
378,NP3909-22r.jpg,0
379,P12347-37r.jpg,1
380,P26330-177r.jpg,1
381,P9226-113r.jpg,1
382,P29088-245r.jpg,1
383,P54240-68r.jpg,1
384,P18775-17r.jpg,1
385,NP62333-201r.jpg,0
386,P1535-9r.jpg,1
387,P20396-47r.jpg,1
388,NP27702-212r.jpg,0
389,NP63265-213r.jpg,0
390,P13151-44r.jpg,1
391,P23937-121r.jpg,1
392,NP21577-75r.jpg,0
393,NP4226-45r.jpg,0
394,P22026-79r.jpg,1
395,P25099-151r.jpg,1
396,P7776-99r.jpg,1
397,NP11139-148r.jpg,0
398,P666-4r.jpg,1
399,NP1268-15r.jpg,0
400,NP10604-138r.jpg,0
401,NP54249-71r.jpg,0
402,NP53944-63r.jpg,0
403,NP12467-175r.jpg,0
404,NP15732-247r.jpg,0
405,P24720-141r.jpg,1
406,P59293-160r.jpg,1
407,P4874-56r.jpg,1
408,NP11339-154r.jpg,0
409,P28463-227r.jpg,1
410,P13756-212r.jpg,1
411,P51656-4r.jpg,1
412,P11681-160r.jpg,1
413,NP52248-13r.jpg,0
414,NP52209-9r.jpg,0
415,NP666-5r.jpg,0
416,P4501-48r.jpg,1
417,NP12835-183r.jpg,0
418,P14733-228r.jpg,1
419,NP24473-138r.jpg,0
420,P52413-22r.jpg,1
421,NP65385-245r.jpg,0
422,NP57225-119r.jpg,0
423,NP53614-45r.jpg,0
424,P9995-123r.jpg,1
425,P18976-25r.jpg,1
426,NP61600-187r.jpg,0
427,NP2883-18r.jpg,0
428,P19587-33r.jpg,1
429,NP10057-126r.jpg,0
430,NP27452-204r.jpg,0
431,P27101-195r.jpg,1
432,P6113-76r.jpg,1
433,NP5576-69r.jpg,0
434,P24063-127r.jpg,1
435,P60227-182r.jpg,1
436,P1803-23r.jpg,1
437,NP18721-14r.jpg,0
438,P12940-188r.jpg,1
439,P12708-39r.jpg,1
440,NP12922-187r.jpg,0
441,P55879-96r.jpg,1
442,NP13122-195r.jpg,0
443,NP55021-83r.jpg,0
444,NP20396-48r.jpg,0
445,P11339-153r.jpg,1
446,NP57861-135r.jpg,0
447,NP59286-159r.jpg,0
448,P63124-208r.jpg,1
449,NP26816-192r.jpg,0
450,NP25240-155r.jpg,0
451,NP60035-179r.jpg,0
452,NP18775-18r.jpg,0
453,P66158-252r.jpg,1
454,P56909-116r.jpg,1
455,NP57784-133r.jpg,0
456,P62009-196r.jpg,1
457,P18718-12r.jpg,1
458,NP10154-130r.jpg,0
459,NP19386-30r.jpg,0
460,NP12344-173r.jpg,0
461,P51501-0r.jpg,1
462,P56558-110r.jpg,1
463,NP15065-233r.jpg,0
464,NP26791-190r.jpg,0
465,NP28430-226r.jpg,0
466,NP1803-24r.jpg,0
467,P24025-125r.jpg,1
468,P7621-95r.jpg,1
469,NP6375-83r.jpg,0
470,P60164-180r.jpg,1
471,NP12216-171r.jpg,0
472,P63443-214r.jpg,1
473,P59440-166r.jpg,1
474,NP28480-230r.jpg,0
475,NP5805-73r.jpg,0
476,P57593-128r.jpg,1
477,P12189-168r.jpg,1
478,P56185-104r.jpg,1
479,NP61660-191r.jpg,0
480,NP6313-81r.jpg,0
481,P18952-23r.jpg,1
482,NP11740-165r.jpg,0
483,NP11290-152r.jpg,0
484,P22080-84r.jpg,1
485,NP13851-215r.jpg,0
486,P24997-149r.jpg,1
487,NP54064-65r.jpg,0
488,P25986-166r.jpg,1
489,P15494-242r.jpg,1
490,P24823-143r.jpg,1
491,P61044-184r.jpg,1
492,P13394-202r.jpg,1
493,NP56414-107r.jpg,0
494,P65810-250r.jpg,1
495,NP5109-63r.jpg,0
496,P13169-196r.jpg,1
497,P11048-28r.jpg,1
498,NP62319-199r.jpg,0
499,NP13080-193r.jpg,0
500,NP14569-227r.jpg,0
501,NP1387-5r.jpg,0
502,NP29121-248r.jpg,0
503,P27671-209r.jpg,1
504,P10566-135r.jpg,1
505,P22459-90r.jpg,1
506,NP7797-104r.jpg,0
507,P63102-206r.jpg,1
508,NP57962-143r.jpg,0
509,P26577-183r.jpg,1
510,NP52271-17r.jpg,0
511,P18278-0r.jpg,1
512,NP10660-141r.jpg,0
513,P7660-97r.jpg,1
514,P59724-170r.jpg,1
515,P18779-19r.jpg,1
516,NP18779-20r.jpg,0
517,NP16527-255r.jpg,0
518,NP28159-218r.jpg,0
519,NP3570-38r.jpg,0
520,P4315-46r.jpg,1
521,NP56840-115r.jpg,0
522,NP10710-143r.jpg,0
523,P25240-153r.jpg,1
524,NP28349-222r.jpg,0
525,NP57898-139r.jpg,0
526,NP24865-146r.jpg,0
527,P58503-150r.jpg,1
528,P53827-50r.jpg,1
529,NP24823-144r.jpg,0
530,NP1245-13r.jpg,0
531,P62379-202r.jpg,1
532,P3641-19r.jpg,1
533,NP20417-50r.jpg,0
534,P11537-33r.jpg,1
535,P4659-25r.jpg,1
536,P20364-43r.jpg,1
537,P13151-45r.jpg,1
538,P64239-232r.jpg,1
539,P53890-58r.jpg,1
540,P55888-98r.jpg,1
541,NP14163-219r.jpg,0
542,NP25377-158r.jpg,0
543,NP21211-67r.jpg,0
544,NP23667-118r.jpg,0
545,P64282-234r.jpg,1
546,NP55845-95r.jpg,0
547,NP1768-10r.jpg,0
548,NP51501-1r.jpg,0
549,P62333-200r.jpg,1
550,P63265-212r.jpg,1
551,P24191-129r.jpg,1
552,NP11180-150r.jpg,0
553,NP25478-160r.jpg,0
554,NP24981-148r.jpg,0
555,P22875-107r.jpg,1
556,P26291-173r.jpg,1
557,NP54680-79r.jpg,0
558,NP10848-144r.jpg,0
559,NP22071-83r.jpg,0
560,P53776-46r.jpg,1
561,NP13068-42r.jpg,0
562,NP53247-39r.jpg,0
563,P15732-246r.jpg,1
564,P12467-174r.jpg,1
565,NP20945-64r.jpg,0
566,NP24292-132r.jpg,0
567,P22578-95r.jpg,1
568,NP13756-213r.jpg,0
569,P1344-4r.jpg,1
570,NP11681-161r.jpg,0
571,P22434-88r.jpg,1
572,P22494-92r.jpg,1
573,P12835-182r.jpg,1
574,NP14733-229r.jpg,0
575,NP53866-57r.jpg,0
576,P5576-68r.jpg,1
577,P57225-118r.jpg,1
578,P65385-244r.jpg,1
579,NP6113-77r.jpg,0
580,P61600-186r.jpg,1
581,NP9603-118r.jpg,0
582,P52239-10r.jpg,1
583,P18835-21r.jpg,1
584,NP60227-183r.jpg,0
585,NP1034-9r.jpg,0
586,NP21559-72r.jpg,0
587,NP7170-90r.jpg,0
588,NP19683-36r.jpg,0
589,P18444-6r.jpg,1
590,NP12940-189r.jpg,0
591,NP55793-93r.jpg,0
592,NP11660-159r.jpg,0
593,NP4874-57r.jpg,0
594,P9603-117r.jpg,1
595,NP20645-56r.jpg,0
596,P12922-186r.jpg,1
597,NP4501-49r.jpg,0
598,P20725-58r.jpg,1
599,NP10109-128r.jpg,0
600,P28096-215r.jpg,1
601,NP51656-5r.jpg,0
602,P13122-194r.jpg,1
603,P52209-8r.jpg,1
604,P52861-34r.jpg,1
605,P21559-71r.jpg,1
606,P19683-35r.jpg,1
607,NP55973-101r.jpg,0
608,P54423-74r.jpg,1
609,NP24360-136r.jpg,0
610,P57861-134r.jpg,1
611,P59286-158r.jpg,1
612,NP63124-209r.jpg,0
613,NP66158-253r.jpg,0
614,P60035-178r.jpg,1
615,P25240-154r.jpg,1
616,P1268-14r.jpg,1
617,NP52248-15r.jpg,0
618,P27249-201r.jpg,1
619,NP56909-117r.jpg,0
620,NP18835-22r.jpg,0
621,NP62009-197r.jpg,0
622,P10536-26r.jpg,1
623,P57784-132r.jpg,1
624,NP54936-81r.jpg,0
625,P13570-207r.jpg,1
626,NP53341-41r.jpg,0
627,P12344-172r.jpg,1
628,NP52738-31r.jpg,0
629,NP56558-111r.jpg,0
630,NP2082-26r.jpg,0
631,P20645-55r.jpg,1
632,P15065-232r.jpg,1
633,P12383-38r.jpg,1
634,P26307-175r.jpg,1
635,NP20833-61r.jpg,0
636,NP60164-181r.jpg,0
637,P12216-170r.jpg,1
638,NP63443-215r.jpg,0
639,NP27452-203r.jpg,0
640,NP59440-167r.jpg,0
641,P26618-185r.jpg,1
642,NP56185-105r.jpg,0
643,NP54260-73r.jpg,0
644,NP12189-169r.jpg,0
645,NP57593-129r.jpg,0
646,NP28569-234r.jpg,0
647,P61660-190r.jpg,1
648,P11740-164r.jpg,1
649,P52587-28r.jpg,1
650,P28616-235r.jpg,1
651,P20472-51r.jpg,1
652,NP15494-243r.jpg,0
653,NP3121-34r.jpg,0
654,P54190-66r.jpg,1
655,NP4141-43r.jpg,0
656,NP28729-240r.jpg,0
657,NP22897-110r.jpg,0
658,NP61044-185r.jpg,0
659,NP4315-47r.jpg,0
660,P3121-33r.jpg,1
661,NP65810-251r.jpg,0
662,P56414-106r.jpg,1
663,P7441-91r.jpg,1
664,P28290-219r.jpg,1
665,P9132-109r.jpg,1
666,NP13169-197r.jpg,0
667,NP7776-100r.jpg,0
668,P53842-52r.jpg,1
669,P22679-102r.jpg,1
670,P13080-192r.jpg,1
671,P62319-198r.jpg,1
672,NP53802-49r.jpg,0
673,NP52328-19r.jpg,0
674,NP53573-43r.jpg,0
675,P14569-226r.jpg,1
676,P1509-8r.jpg,1
677,NP63102-207r.jpg,0
678,NP52361-21r.jpg,0
679,P57962-142r.jpg,1
680,P55621-90r.jpg,1
681,NP20472-52r.jpg,0
682,P10660-140r.jpg,1
683,NP53916-61r.jpg,0
684,NP9132-110r.jpg,0
685,P52583-26r.jpg,1
686,P52799-32r.jpg,1
687,NP59724-171r.jpg,0
688,P16527-254r.jpg,1
689,NP54657-77r.jpg,0
690,P28569-233r.jpg,1
691,P28510-231r.jpg,1
692,P23751-119r.jpg,1
693,NP20673-57r.jpg,0
694,P56840-114r.jpg,1
695,P10710-142r.jpg,1
696,P57898-138r.jpg,1
697,P5109-62r.jpg,1
698,NP13068-43r.jpg,0
699,P27471-205r.jpg,1
700,NP58503-151r.jpg,0
701,NP13576-210r.jpg,0
702,NP55089-85r.jpg,0
703,NP53184-37r.jpg,0
704,NP26066-170r.jpg,0
705,P55374-88r.jpg,1
706,P52563-24r.jpg,1
707,NP62379-203r.jpg,0
708,P55211-86r.jpg,1
709,NP64239-233r.jpg,0
710,NP10304-132r.jpg,0
711,NP28671-238r.jpg,0
712,P14163-218r.jpg,1
713,NP1768-11r.jpg,0
